driver,partner,mode,n_mut_total,n_wt_total,L1_n_mut,L1_n_wt,L1_delta,L1_p,L1_cohens_d,L2_msipurge_p,L2_msipurge_delta,L2_msipurge_n_mut,L3_tp53_p,L3_tp53_delta,L3_tp53_n_mut,L4_loo_max_p,L4_loo_n_iter,L5_top_lineage,L5_frac_in_top,L5_within_lineage_p,L5_within_lineage_n_mut,flag_lineage_confined,flag_broadly_essential,broadly_essential_frac,survives_battery,reclassification,mechanism_family_expansion,L1_fdr
STAG2,STAG1,LOF,18,1138,18,1138,-0.7168020805350926,1.1359493842110012e-07,-3.0474232782313253,1.1577460949464108e-07,-0.7166443994577756,18,3.040046879196921e-06,-0.747713253997143,15,4.527369471849485e-07,18,Diffuse Glioma,0.222,1.0,4,False,False,0.056,True,none,True,4.356081493249899e-07
CDKN2A,FOSL1,LOF,43,1108,43,1108,-0.24624652462786562,2.02095115714344e-06,-0.7681046919780931,1.6532785734403555e-06,-0.25292892750926765,42,3.702804392792615e-05,-0.21007498499382793,37,5.266414259106796e-06,43,Head and Neck Squamous Cell Carcinoma,0.302,0.6301526527862252,13,False,False,0.305,True,none,True,4.186255968368554e-06
CDKN2A,EGFR,LOF,43,1108,43,1108,-0.23724634510610015,9.072138834682395e-06,-0.7235887485256806,2.4815101745172904e-06,-0.25069896709018535,42,7.835995224637467e-07,-0.2892465746544098,37,2.2719994951297885e-05,43,Head and Neck Squamous Cell Carcinoma,0.302,0.07354994143757737,13,False,False,0.19,True,none,True,1.5476001541517028e-05
CDKN2A,DNAAF10,LOF,43,1108,43,1108,-0.20086076554622412,1.3960480188967155e-05,-0.6660061011197763,4.93808685224657e-06,-0.2117583739213359,42,0.0002465877418073258,-0.19623577273051607,37,3.3920885956920525e-05,43,Head and Neck Squamous Cell Carcinoma,0.302,0.01998994843094386,13,False,True,0.835,False,broadly_essential,True,2.0242696274002373e-05
CDKN2A,TUBB4B,LOF,43,1108,43,1108,-0.2070611163955643,2.7135958863116528e-05,-0.6232229024929155,3.689333574939842e-05,-0.2102836892852702,42,0.00012695324852322803,-0.21949630106148182,37,6.559324535907063e-05,43,Head and Neck Squamous Cell Carcinoma,0.302,0.7969126697686234,13,False,False,0.262,True,none,True,3.2789283626265805e-05
CDKN2A,ITGA3,LOF,43,1108,43,1108,-0.16490456559052707,1.8105897906554217e-05,-0.7893561239508412,2.1070148391907387e-05,-0.1681617733832366,42,2.9332327893558056e-05,-0.17809274475630085,37,4.4305378073123654e-05,43,Head and Neck Squamous Cell Carcinoma,0.302,0.13187021466852206,13,False,False,0.053,True,none,True,2.5003382823336776e-05
CDKN2A,SCD,LOF,43,1108,43,1108,-0.22781475346944657,9.426963247645177e-05,-0.5194739202623077,0.0001643432786634409,-0.21746855104245477,42,0.017437850229637095,-0.12946693589973912,37,0.00020755508680541022,43,Head and Neck Squamous Cell Carcinoma,0.302,0.011744278841578389,13,False,True,0.754,False,broadly_essential,True,9.426963247645177e-05
EP300,CREBBP,LOF,68,1061,68,1061,-0.32311961496713537,1.0382313799028675e-09,-0.948191765118978,4.3124385447283957e-08,-0.2931182369868183,62,2.974675094310933e-06,-0.27432947011511816,48,2.708971924141859e-09,68,Colorectal Adenocarcinoma,0.206,0.03526686688889867,14,False,False,0.076,True,none,True,8.039069504951484e-09
EP300,OGDH,LOF,68,1061,68,1061,-0.17719292264900766,1.0653500593395361e-06,-0.6412400335569906,5.654780351595547e-05,-0.1461288930097583,62,0.008732911009545707,-0.11634603820533562,48,2.3836273616514543e-06,68,Colorectal Adenocarcinoma,0.206,0.00911759335725218,14,False,True,0.603,False,broadly_essential,True,3.0895151720846544e-06
EP300,CPOX,LOF,68,1061,68,1061,-0.16155581341915098,2.727440404712557e-06,-0.7583622873047011,2.9407704571260306e-06,-0.1730360584577676,62,1.9482062338267267e-05,-0.1949295514432638,48,6.011073205103496e-06,68,Colorectal Adenocarcinoma,0.206,0.05539428430091395,14,False,False,0.098,True,none,True,5.2730514491109434e-06
EP300,ADSL,LOF,68,1061,68,1061,-0.3312837152393866,1.0017456752548292e-05,-0.5940469384147782,0.0001950971499064285,-0.28231391704702524,62,0.003657551286893077,-0.2653965371259097,48,2.1257903023689973e-05,68,Colorectal Adenocarcinoma,0.206,0.01520088722970921,14,False,True,0.699,False,broadly_essential,True,1.613923587910558e-05
EP300,MRPL33,LOF,68,1061,68,1061,-0.2135812791710489,2.1080182548349587e-05,-0.5266266676928201,5.240149580748759e-05,-0.21428466605131608,62,0.0137554631668702,-0.13157349285953285,48,4.375561020107526e-05,68,Colorectal Adenocarcinoma,0.206,0.14863193941710767,14,False,False,0.349,True,none,True,2.6579360604440782e-05
EP300,WRN,LOF,68,1061,68,1061,-0.3675726417557968,5.098932247649917e-05,-1.2558195943005495,0.001948753288985549,-0.20886807622501605,62,5.867615136532894e-05,-0.3201844360582254,48,0.0001030874879461151,68,Colorectal Adenocarcinoma,0.206,9.133319693971368e-06,14,False,False,0.044,True,none,True,5.2810369707802706e-05
KMT2D,RAD50,LOF,69,980,69,980,-0.15089474117009458,3.4200168789633315e-09,-0.7899399076989091,1.8464866494664675e-07,-0.13218359103129507,61,6.966727044266464e-06,-0.1339157478713762,48,8.567863400406874e-09,69,Colorectal Adenocarcinoma,0.145,0.0008011539416142451,10,False,False,0.02,True,none,True,1.983609789798732e-08
KMT2D,SMARCD1,LOF,69,980,69,980,-0.1714655603365598,1.5580204121133805e-06,-0.6347925882634485,5.2063423264750805e-06,-0.18050638159695523,61,0.00029754486344245334,-0.15161020257304855,48,3.455642698965926e-06,69,Colorectal Adenocarcinoma,0.145,0.16518042400900113,10,False,False,0.158,True,none,True,3.7652159959406695e-06
KMT2D,DHX29,LOF,69,980,69,980,-0.16814556330518887,1.2516743168712035e-05,-0.5246705776639468,0.00012643659806449407,-0.151672223764233,61,0.06276410060520646,-0.06875875243229357,48,2.5589084715013808e-05,69,Colorectal Adenocarcinoma,0.145,0.010730876223378741,10,False,False,0.108,True,none,True,1.9104502731192056e-05
KMT2D,WRN,LOF,69,980,69,980,-0.42679150652425074,2.0897044205819896e-05,-1.4817064045480781,0.0034280954906284926,-0.2595572237008683,61,0.0045874458113196286,-0.3861505555185711,48,4.313148557835121e-05,69,Colorectal Adenocarcinoma,0.145,7.824783336617096e-07,10,False,False,0.044,True,none,True,2.6579360604440782e-05
KMT2D,SDHC,LOF,69,980,69,980,-0.1938853714119636,4.4399513126406945e-05,-0.5853932984725645,0.0005597249586864502,-0.18017510844219298,61,0.00013293192191664896,-0.19926729314921632,48,8.951724613745496e-05,69,Colorectal Adenocarcinoma,0.145,0.19312948409210845,10,False,True,0.842,False,broadly_essential,True,4.952253387176159e-05
KMT2D,PELO,LOF,69,980,69,980,-0.26979651952647377,4.777107681884402e-05,-0.6125336596864251,0.003813368034715454,-0.19250791280037072,61,0.10062458135775582,-0.12536202901219828,48,9.530219682950735e-05,69,Colorectal Adenocarcinoma,0.145,4.988279818370186e-06,10,False,True,0.775,False,attenuates_in_tp53_strat; broadly_essential,True,5.130967510172135e-05
CIC,ZNF629,LOF,11,1119,11,1119,-0.26872630668724773,1.2222958241740162e-06,-1.9052985231030706,1.4723266975026777e-05,-0.27327365712749285,9,6.3196808603255404e-06,-0.2831344687262862,9,5.3677398925802885e-06,11,Colorectal Adenocarcinoma,0.364,1.0,4,False,False,0.006,True,none,True,3.2224162637314973e-06
NRAS,SHOC2,ACT,37,1133,37,1133,-0.38420895072879624,1.1088371730967565e-09,-1.5143565419782443,1.2078561142057263e-09,-0.3831818447630042,37,7.113474544044497e-06,-0.38640234646643234,21,3.6794481252817038e-09,37,Melanoma,0.135,2.2043368817562366e-05,5,False,False,0.16,True,none,True,8.039069504951484e-09
NRAS,RAF1,ACT,37,1133,37,1133,-0.3105890125977057,1.0192323662005573e-08,-1.192997076750096,1.0749948354515701e-08,-0.3098428425824642,37,8.94213058112789e-05,-0.3333229720382146,21,3.241744095713303e-08,37,Melanoma,0.135,1.2644165869972322e-05,5,False,False,0.119,True,none,True,4.9262897699693604e-08
NRAS,N6AMT1,ACT,37,1133,37,1133,-0.2000980356370437,4.0567118415181164e-05,-0.694192351680044,3.268993268193734e-05,-0.20290260029567558,37,5.297313429207136e-05,-0.24304100911326887,21,9.95956877912969e-05,37,Melanoma,0.135,0.1029118730731634,5,False,False,0.361,True,none,True,4.7057857361610154e-05
BRAF,MAPK1,ACT,52,1101,52,1101,-0.5062331322431413,3.824393119114809e-16,-1.7787544796402963,1.2158002613335227e-15,-0.518747156756485,50,1.7297156664611833e-07,-0.3852253802450639,26,1.336670237569158e-15,52,Melanoma,0.385,0.019793711647316338,20,False,False,0.143,True,none,True,1.1090740045432946e-14
BRAF,MAP2K1,ACT,52,1101,52,1101,-0.2781876674177468,1.3054053405734915e-12,-1.5228493381099943,8.590418489782709e-12,-0.279472553717594,50,5.565400065489345e-08,-0.33175583903277295,26,4.174884775075521e-12,52,Melanoma,0.385,0.360997154959311,20,False,False,0.034,True,none,True,1.8928377438315626e-11
BRAF,ELAVL1,ACT,52,1101,52,1101,-0.1880016987921741,1.201677653310317e-07,-0.8360968926950977,9.745067723663764e-08,-0.19202236319353672,50,0.0005766272988551606,-0.16722469900208814,26,3.1672352496637694e-07,52,Melanoma,0.385,0.3301456153138278,20,False,False,0.183,True,none,True,4.356081493249899e-07
BRAF,CYB5R4,ACT,52,1101,52,1101,-0.17003646000878386,2.4093938498585395e-07,-0.7866349848365488,9.442008394167435e-07,-0.16541493864306256,50,5.731956411565835e-05,-0.18373373228206458,26,6.218056194870783e-07,52,Melanoma,0.385,0.00024957970991595257,20,False,False,0.143,True,none,True,7.763602405099738e-07
BRAF,SYNCRIP,ACT,52,1101,52,1101,-0.161049569768618,1.759863804634304e-06,-0.7049819566592259,2.6048802872257665e-06,-0.14098718866801468,50,0.003299503512574313,-0.14566989306971417,26,4.330198726279346e-06,52,Melanoma,0.385,0.5637392330056937,20,False,False,0.171,True,none,True,3.925850025722679e-06
BRAF,PEA15,ACT,52,1101,52,1101,-0.21979970935262513,2.9481621305717363e-06,-1.3649899025076324,3.2638787459923445e-06,-0.2182954427773897,50,0.04111774718753427,-0.13808950939261552,26,7.1345020176023514e-06,52,Melanoma,0.385,0.06327807751573312,20,False,False,0.016,True,none,True,5.343543861661272e-06
