ModelID,parp1_expr_tpm_log1p,rnf144a_expr_tpm_log1p
ACH-001113,7.162189891303228,1.6870606883398924
ACH-001289,6.94216258558121,2.4620523187964327
ACH-001339,6.727375938594897,4.742545233866053
ACH-001979,5.15623479785027,4.724104519866845
ACH-002438,6.355967689241001,3.3798981635246923
ACH-001538,6.086613947409496,0.3334237337251918
ACH-000242,7.177220188114539,2.4620523187964327
ACH-000708,6.840085515568946,0.879705766282288
ACH-000327,6.654779216959517,2.324810603420484
ACH-000233,7.638291094170947,3.2539892662307865
ACH-000461,6.048759311919856,2.9981955031532523
ACH-000705,7.492654371018913,3.168321115739723
ACH-001794,6.159871336778389,1.6690267655096307
ACH-002023,5.596935142387232,0.6040713236688608
ACH-000528,7.04592343960255,1.8559896973084808
ACH-002501,8.002083639783425,4.173926931999809
ACH-001655,5.779259720372376,0.0
ACH-000167,7.180108068712015,0.8559896973084807
ACH-000792,5.953730849811491,1.871843648509318
ACH-001098,5.5505928897043,0.6599245584023783
ACH-000570,7.39942747418496,3.2357270598380583
ACH-000351,6.931564876020142,1.3161457422933562
ACH-002075,7.452941307971211,3.4646682670034443
ACH-002040,5.431622959713292,3.4046306842176115
ACH-000769,7.765733633623943,2.424922088210688
ACH-000154,6.132576842670009,0.1243281350022017
ACH-000828,7.437127844272807,1.1375035237499351
ACH-000421,6.696132955227083,2.324810603420484
ACH-000765,7.316055208890491,4.475733430966398
ACH-001375,6.384740587292384,1.263034405833794
ACH-000008,6.846493315964563,3.354734239970604
ACH-001814,5.825022364044702,1.632268215499513
ACH-000800,7.848059522168374,4.4495613746132365
ACH-000606,6.4154882710497,0.933572638261024
ACH-000317,6.373126157758923,1.372952097911829
ACH-001492,7.511120100851014,0.0
ACH-000123,6.931564876020142,2.032100843167024
ACH-000723,5.605257262939004,0.903038270112912
ACH-002066,6.348905161168407,3.854993016757
ACH-001536,4.574101508089389,0.9486008474933558
ACH-003136,6.94766615679601,1.0214797274104517
ACH-000313,6.233811384293157,2.7398481026993275
ACH-002019,5.487357715311548,0.918386234446348
ACH-000728,9.632577227460038,3.899175630480513
ACH-000700,5.969933274697856,0.0840642647884745
ACH-000823,6.96624587322494,1.0356239097307212
ACH-000678,6.104755986962257,0.7136958148433591
ACH-000006,6.86616616903904,2.799087306074004
ACH-002790,5.683977106975602,1.3161457422933562
ACH-002029,6.713970692436053,0.0840642647884745
ACH-001377,7.070281980516752,1.875780063068488
ACH-000754,7.520186494781188,0.01435529297707
ACH-000465,6.974185117077051,4.777682717073553
ACH-000138,5.334139178838237,0.8237493603082727
ACH-001864,5.853496703702325,0.1110313123887439
ACH-000383,6.087038456766948,2.1243281350022016
ACH-001547,6.554742321710322,0.2016338611696504
ACH-000917,7.055824700134858,2.422233000683048
ACH-002471,7.132988042627442,2.2720231890610485
ACH-000984,8.031053274444373,3.2839217723076173
ACH-002678,8.411722821951354,0.3561438102252753
ACH-001409,6.330916878114617,0.8875252707415875
ACH-001707,5.930027640881744,1.4276061727818994
ACH-000117,6.95093492831454,1.1826922975161902
ACH-000999,6.208478242211705,1.8639384504239715
ACH-000633,7.288912202766194,0.4956951626240687
ACH-000520,6.725741156503952,1.111031312388744
ACH-000176,6.750472518762509,1.3504972470841332
ACH-000017,7.011786331206608,1.599317793698226
ACH-000020,8.296273846706718,1.655351828612554
ACH-001385,5.8346606579017255,0.8237493603082727
ACH-000587,6.9121708029499525,1.8196681834964556
ACH-000785,6.205744385062756,0.2750070474998697
ACH-003469,5.800641097329084,3.3348542693316325
ACH-000554,6.922078887766253,1.8439838440483265
ACH-003180,6.7873802222963375,1.6088092426755238
ACH-001398,5.788685710613533,1.996388746447621
ACH-001991,7.587214952452535,0.070389327891398
ACH-001332,5.525755692829486,1.15704371014558
ACH-000585,7.03342300153745,0.0976107966264223
ACH-000550,6.157852169141737,2.797012977836145
ACH-000627,6.047669251391315,2.0107798387532423
ACH-000704,7.400281746498462,2.469885976274464
ACH-000276,6.867525861162971,1.097610796626422
ACH-000075,6.523718762213451,3.073820233291672
ACH-000818,7.537218400538596,1.3504972470841332
ACH-003184,5.187451054027326,0.9855004303048848
ACH-001616,7.227856573060497,0.6780719051126377
ACH-000625,7.602587527342561,0.8399595874895318
ACH-000941,6.8209447918806925,0.0976107966264223
ACH-000392,5.826548487290915,1.6507645591169022
ACH-000269,6.806710717965236,0.0426443374084937
ACH-001670,7.492654371018913,2.056583528366368
ACH-003133,6.7414669864011465,2.7548875021634687
ACH-000856,7.297191416565856,3.353323291162897
ACH-002687,6.205157883920094,3.1618876823768938
ACH-001119,6.324630615267186,2.9873208659292536
ACH-003132,7.019368330478469,1.4646682670034443
ACH-000376,6.872951851130105,0.3448284969974411
ACH-000685,7.011227255423254,0.5260688116675876
ACH-000729,9.167367964261937,5.339493737901733
ACH-001034,7.439540030610414,3.552131108253784
ACH-001283,6.6108771994719495,2.0426443374084937
ACH-000880,7.17062614112954,0.0426443374084937
ACH-000035,6.216842842837263,1.7907720378619998
ACH-001200,7.278635300683819,1.4698859762744636
ACH-000194,5.571373435973201,1.7398481026993275
ACH-000322,6.837564863157148,4.0900065299038175
ACH-000552,6.345715708784144,0.0840642647884745
ACH-002508,5.425593577653059,0.0
ACH-000222,5.202025844609336,2.16349873228288
ACH-000260,7.380850637553213,3.3088850574117634
ACH-001652,6.787771992846169,0.137503523749935
ACH-000608,6.011898120369493,1.1634987322828796
ACH-000501,6.407692648665677,2.003602236680196
ACH-000612,6.996162742681061,0.6415460290875237
ACH-002033,6.389394724323995,0.0976107966264223
ACH-001184,8.089847680689164,2.657640005207824
ACH-001688,5.013908845490639,0.6040713236688608
ACH-001838,3.993674361750585,0.7990873060740036
ACH-000638,7.017699252693033,2.927896453728821
ACH-001846,6.067165427017112,1.84799690655495
ACH-000798,5.334496768390418,2.007195501404204
ACH-001321,7.396005317469424,2.408711861029429
ACH-000894,6.253611151947168,1.5210507369009632
ACH-001559,6.726013748860151,0.5459683691052926
ACH-000344,6.676662334857967,0.4114262457264649
ACH-000223,7.06813335395103,1.15704371014558
ACH-000031,5.761019265240484,0.1243281350022017
ACH-000034,5.872089989334793,1.2078928516413328
ACH-001861,5.318316841334983,1.3045110418099528
ACH-003468,6.258330472612426,1.2265085298086795
ACH-000772,8.567309664068908,1.7398481026993275
ACH-000946,6.891419186846079,2.752748591407134
ACH-000596,6.292781749227846,1.3391373849195856
ACH-001046,6.705563274566321,0.4646682670034443
ACH-000632,7.224001674198105,4.117695042669754
ACH-000978,7.0437381998014,2.839959587489532
ACH-000332,6.546585829008101,1.411426245726465
ACH-001841,5.475084882948782,0.963474123974886
ACH-003273,7.575766127296438,4.873813198359088
ACH-000179,8.784863826597743,4.536674617569758
ACH-000887,6.109778429078662,0.6415460290875237
ACH-000368,6.440287820840419,2.269033146455237
ACH-000240,5.142821844115928,0.6040713236688608
ACH-000578,6.191799501065075,1.7311832415722
ACH-001611,5.4015622072560685,1.8991756304805127
ACH-000135,4.998195503153252,0.2630344058337938
ACH-001671,7.602513297451835,2.039138393906958
ACH-000406,7.434294617959925,3.003602236680196
ACH-001541,7.248686626873828,2.2898344651775093
ACH-000998,7.362820525534263,2.769771739249448
ACH-000441,6.977279923499917,4.505890929729957
ACH-000960,8.28554093287042,2.523561956057013
ACH-000098,6.350674037114486,2.324810603420484
ACH-001651,6.093602428795734,0.4222330006830478
ACH-001456,5.882643049361842,1.0071955014042038
ACH-001336,5.188638294561388,0.1890338243900171
ACH-000284,6.132371198732537,0.070389327891398
ACH-000971,7.6018450565110385,2.769771739249448
ACH-001454,5.76394266044725,2.114367024952
ACH-000926,5.561631630375841,1.3161457422933562
ACH-000033,6.870241407045111,1.15704371014558
ACH-000576,7.574404309022579,0.0840642647884745
ACH-000019,6.084489524936252,0.2387868595871165
ACH-001577,6.673132372145357,3.3868109464722167
ACH-001981,6.021257620560519,4.780310099043375
ACH-000330,7.172127436878001,1.0
ACH-000848,7.585112773628004,3.700439718141092
ACH-000481,7.452035273546196,0.1763227726404628
ACH-001517,6.682011390800694,0.7990873060740036
ACH-000338,7.282625134191674,4.806324057390029
ACH-001959,6.531537419117717,2.353323291162897
ACH-001414,5.169524197150003,0.0
ACH-001227,7.212082911441064,1.726831217032493
ACH-000871,8.27141633798897,3.286881147788161
ACH-001403,6.742814669862893,2.761285273361619
ACH-000805,7.053437209677276,4.607034345948616
ACH-001142,5.931919390100041,2.2387868595871168
ACH-001554,7.11009175192513,3.950468414150123
ACH-001667,6.036503333738988,6.625854931368057
ACH-000847,7.59260653159917,1.782408564927373
ACH-001447,8.273469266177273,0.0
ACH-001537,7.018700931064459,2.18269229751619
ACH-001207,6.136888607903066,0.0565835283663675
ACH-001854,6.9970665453987255,0.0
ACH-000832,6.220910321648719,1.3617683594191536
ACH-001975,7.44045394382303,4.958842675243241
ACH-000428,6.172127436878001,1.1243281350022014
ACH-001382,5.275007047499869,0.7990873060740036
ACH-001302,6.848122135064285,5.008540671702954
ACH-000690,7.271089466265599,0.9486008474933558
ACH-001134,6.1141587687205465,2.405992359675837
ACH-000914,8.307974897113525,0.0
ACH-000858,5.583759753639499,0.2016338611696504
ACH-001421,5.844737144060685,4.433627167084783
ACH-002796,7.989593184938768,1.1309308698264486
ACH-003183,4.85598969730848,1.6507645591169022
ACH-002716,6.929672661579345,3.84799690655495
ACH-003100,7.17192735435346,0.0
ACH-000544,5.877253453876608,0.1243281350022017
ACH-000725,7.631031505356711,0.2509615735332187
ACH-000566,6.335390354693925,1.1243281350022014
ACH-000760,6.767522386228545,3.517275693209581
ACH-001745,7.562471405261294,2.944858445807539
ACH-000787,5.819157223674968,2.2265085298086795
ACH-001598,6.428276414392509,3.085764553778314
ACH-000749,7.769044391091421,3.1127001327493624
ACH-001691,6.358958825832329,2.0942360698457656
ACH-001328,5.902073579310743,0.3103401206121505
ACH-001704,5.747655932932393,2.0669502439246266
ACH-001502,6.8204342840760415,1.1763227726404628
ACH-002844,4.329841176530628,1.9411063109464315
ACH-001068,6.242983516109694,2.803227036434928
ACH-000358,8.39480564226532,2.430285272977781
ACH-002695,6.12907690293063,2.4620523187964327
ACH-001672,8.48083058387677,2.140778655782796
ACH-001654,6.734438666137168,0.1763227726404628
ACH-001521,7.121947876513093,0.4646682670034443
ACH-000209,6.518377768374892,2.438292851579147
ACH-001520,5.929790997718597,0.0
ACH-000213,4.949534933017012,0.2986583155645151
ACH-001610,6.762747441953152,2.62760683812965
ACH-001408,6.170726276131552,1.6644828403646823
ACH-000991,6.139755975481314,2.4905701304462013
ACH-001412,6.780047576061869,2.223422549934938
ACH-000331,7.1815001517046095,1.4168397419128291
ACH-001407,6.622637566537459,1.1375035237499351
ACH-000580,6.959422420093674,3.851998837112446
ACH-000594,9.04837788441452,4.134220939760634
ACH-000684,6.088735246190284,1.2265085298086795
ACH-000742,4.997744026059632,0.0565835283663675
ACH-000868,6.972003303808356,0.7398481026993275
ACH-000732,5.254745197629213,0.0565835283663675
ACH-001481,6.373300196608388,3.4581194811745064
ACH-000429,3.875780063068488,0.9781956296816516
ACH-000310,8.05370871447528,4.446917864866026
ACH-002475,8.164404157881302,3.602884408718418
ACH-000643,5.41886457739032,1.6915341649192002
ACH-000234,7.084383221650577,2.538538163629804
ACH-003267,6.504143652285466,5.611172380044005
ACH-001498,8.419707420810266,0.0
ACH-000896,7.421728238286778,0.5260688116675876
ACH-003451,6.295906655297028,5.595443984589479
ACH-000203,7.522149933175767,6.180704840195555
ACH-001607,5.539469034749887,3.608809242675524
ACH-002706,5.664767255356415,2.935459747805289
ACH-001441,5.878725341480106,3.158660175346498
ACH-000112,7.482525640767917,0.4646682670034443
ACH-000874,7.519714871684184,2.176322772640463
ACH-000186,6.134220939760634,0.4854268271702416
ACH-002780,6.828961552317316,3.814550423461808
ACH-000677,7.168020188561669,3.805292455600712
ACH-000055,8.15562781584529,2.7246502717329677
ACH-000485,5.40667271575583,0.01435529297707
ACH-000672,6.473462236235279,1.6088092426755238
ACH-001150,4.844988156682612,4.685379551959075
ACH-000287,8.536324934539673,0.0426443374084937
ACH-000784,5.867896463992655,0.5558161550616396
ACH-000530,7.59402595567229,3.039138393906958
ACH-002024,7.021257620560519,1.4436066514756145
ACH-000380,7.78463484555752,0.0
ACH-001737,6.770300489499416,6.090430042321621
ACH-001400,4.12267271882414,0.2016338611696504
ACH-001054,7.538305351971588,3.0992952043377757
ACH-001695,6.067595696940041,0.4436066514756145
ACH-000009,6.934988201783478,0.3785116232537298
ACH-000491,7.269500749298889,0.2016338611696504
ACH-001703,7.762415261011597,0.0
ACH-000002,6.488964817004848,2.2720231890610485
ACH-001568,5.47864829453918,2.104336659814736
ACH-001449,7.785223580534427,0.6415460290875237
ACH-000993,5.938756261492295,1.9745293124838816
ACH-002680,5.768978250344548,2.5897634869849773
ACH-000877,7.454916137514804,0.0426443374084937
ACH-000711,7.049739662696981,1.3103401206121503
ACH-001515,6.322469004113554,2.503348735167504
ACH-002847,6.401732849522621,2.1210154009613658
ACH-000702,7.8781735595908815,0.0285691521967709
ACH-001020,7.10925607307133,3.0789513413948217
ACH-000600,6.561173365231147,2.521050736900963
ACH-003266,5.702934531975978,4.017031080527841
ACH-000354,6.241458871274651,1.2141248053528475
ACH-000012,6.7554217347342425,0.0976107966264223
ACH-000689,5.575917361118149,0.5459683691052926
ACH-002668,6.480265122054463,3.960697039304312
ACH-002533,6.650764559116903,1.922197848396367
ACH-000459,6.657782895817646,3.2524762141352173
ACH-002050,5.768184324776926,0.7907720378619999
ACH-003120,7.398487190018967,2.189033824390017
ACH-001413,6.114991613333596,2.16349873228288
ACH-000686,6.811599469883661,1.4168397419128291
ACH-000342,6.2505826647875375,0.6690267655096305
ACH-000208,6.625708843064466,1.811471030529836
ACH-000360,4.310340120612151,0.5058909297299573
ACH-000249,6.811342579740374,2.6644828403646823
ACH-001368,6.8251496026602,1.613531652917927
ACH-000231,6.954196310386875,1.9523335663696857
ACH-002074,7.401306206006015,4.126807703142035
ACH-000945,6.028790136349901,3.541019153133559
ACH-000662,6.330916878114617,0.1890338243900171
ACH-002458,6.421391631882804,2.7420062108667365
ACH-001378,5.764473550992666,0.4329594072761062
ACH-001029,7.914684105328389,3.560714954474479
ACH-001817,3.977279923499916,0.0565835283663675
ACH-002846,6.699051844016849,4.196134880765161
ACH-000248,7.368419155081396,1.9708536543404835
ACH-000943,5.313608657030487,1.560714954474479
ACH-000751,6.755154643177265,5.357903838552492
ACH-001696,3.799087306074004,0.1243281350022017
ACH-002936,7.268097485847248,3.3978029618624896
ACH-001016,5.493455200926176,2.451540833017832
ACH-000282,7.025803990463827,1.765534746362977
ACH-003438,6.389910925071665,3.541019153133559
ACH-002215,7.258518924711301,1.4698859762744636
ACH-000261,6.646162657157894,0.765534746362977
ACH-000164,6.838573652668324,1.0071955014042038
ACH-001793,6.013685569928653,1.82781902461732
ACH-000262,6.248876342837134,1.6915341649192002
ACH-000158,7.533173967347694,0.0285691521967709
ACH-000773,8.25488689068142,3.2524762141352173
ACH-000722,6.364047083607321,0.0976107966264223
ACH-000857,6.57106999816771,1.4005379295837286
ACH-001129,6.728600810643193,1.2570106182060237
ACH-001619,6.062423969074437,2.223422549934938
ACH-000184,5.870611313044545,1.752748591407134
ACH-000329,6.919816770052789,4.203201156316611
ACH-001569,6.421054946924242,3.9616233282869446
ACH-002544,5.913368159679724,1.5897634869849773
ACH-002675,6.053980168187652,3.8629472480209217
ACH-000814,6.965322548367254,4.583759753639499
ACH-002499,7.776959347390928,2.4329594072761065
ACH-001493,7.873936205993632,0.2265085298086797
ACH-001701,4.1969217338203295,0.0976107966264223
ACH-000197,6.59290547379686,4.57106999816771
ACH-000545,6.202809492125013,0.1763227726404628
ACH-000949,6.799475910801172,4.509062386361898
ACH-000124,7.676873858213068,0.4114262457264649
ACH-000560,7.594548549550354,2.472487771462744
ACH-000897,7.320123598040615,2.1176950426697547
ACH-001626,5.65792577227638,0.2868811477881615
ACH-000619,5.826039958896193,1.0285691521967708
ACH-001973,6.644433152406245,5.324450604656073
ACH-001340,6.530757457461217,2.7246502717329677
ACH-000546,6.312882955284356,0.070389327891398
ACH-001709,7.575463612084407,0.1505596765753814
ACH-002018,6.390942772802543,2.853995647176393
ACH-000153,6.332349900373874,3.6380738371807184
ACH-000526,4.418189947945766,1.01435529297707
ACH-000116,6.908092340818271,3.0089887832272546
ACH-000815,7.69258063251088,0.0565835283663675
ACH-001270,7.220910321648719,1.8953026213333068
ACH-002523,6.756089247373222,3.246408087246385
ACH-000324,7.3374435051775295,1.2265085298086795
ACH-001949,7.103812329428848,5.004501392234941
ACH-001561,6.2720231890610485,1.752748591407134
ACH-000842,5.864928972289788,0.3448284969974411
ACH-000898,5.872828759534886,1.7990873060740036
ACH-000517,5.720825666089835,2.565597175854225
ACH-001980,6.832130501095929,4.33199177823206
ACH-001415,5.993900755637419,2.980025300238734
ACH-000681,6.303598116992494,2.032100843167024
ACH-001310,6.900746075310617,1.7570232465074596
ACH-000070,8.95131386002694,3.33771109212829
ACH-000484,5.17192735435346,1.871843648509318
ACH-003426,5.522306892871389,0.4005379295837288
ACH-000108,5.816343705284859,0.9708536543404837
ACH-000808,6.493134922305505,0.9411063109464316
ACH-000656,7.255311886359598,0.1243281350022017
ACH-000166,7.316869805064333,5.031659854308054
ACH-000997,7.49833066040088,2.568032104771279
ACH-000866,8.591260524621525,4.345538310070007
ACH-000819,7.011003564432669,0.8953026213333066
ACH-000226,8.17856526551317,3.743084055549586
ACH-000087,8.495015541809419,3.992768430768924
ACH-000340,5.330916878114617,0.5360529002402097
ACH-002005,6.503189699170993,4.71699089440494
ACH-001680,7.648824921523403,0.0
ACH-000758,5.405992359675837,2.319039815562536
ACH-000196,6.3269687115878925,2.920293300211007
ACH-003141,7.0437381998014,0.0976107966264223
ACH-000258,8.460046272501977,2.18269229751619
ACH-000163,6.50747752951693,3.4356285940520905
ACH-000076,7.171326940233305,2.286881147788161
ACH-000509,7.866413481123453,4.261530815243406
ACH-001193,7.857670035962474,0.722466024471091
ACH-000571,7.031549586028038,1.2078928516413328
ACH-000391,7.37851162325373,3.682573297347578
ACH-000293,6.843355793435087,0.2387868595871165
ACH-003138,6.563005553062399,0.4646682670034443
ACH-000532,6.159871336778389,1.1826922975161902
ACH-000584,6.629065137092279,2.137503523749935
ACH-001690,5.167117030227439,0.1505596765753814
ACH-000586,8.496813840640378,4.2502036564992975
ACH-000944,8.090165361630163,0.5058909297299573
ACH-003149,5.323370069061268,0.7484612330040357
ACH-000561,6.295355692891673,1.8439838440483265
ACH-001648,4.842476062993939,0.0
ACH-000394,8.030832636701119,3.097610796626422
ACH-000954,7.19682340065457,2.693765712217783
ACH-000204,5.530757457461217,3.795974694206668
ACH-000160,6.241840183564671,0.1243281350022017
ACH-003460,8.069906201791815,3.835924074254375
ACH-000989,6.423746229114772,3.264536430999025
ACH-001347,5.024142345897803,0.3561438102252753
ACH-000691,7.169323753239866,1.5558161550616396
ACH-000268,6.5869148286651225,1.7739963251111732
ACH-001209,7.928074172953086,1.5459683691052926
ACH-003456,5.12639473762014,2.339137384919585
ACH-000119,5.246027980528104,0.0840642647884745
ACH-000379,7.691743519171275,2.553360503335328
ACH-001341,7.223326006619019,2.049630767724601
ACH-000714,8.638472116674025,2.1602748314085933
ACH-000937,6.185866545311334,4.509695841933388
ACH-000763,9.007083347243858,0.5558161550616396
ACH-002834,5.904484097901423,1.6780719051126378
ACH-001673,6.237066520811819,2.3015876466031866
ACH-000326,6.780310099043375,4.249445341085838
ACH-000300,6.829722735086059,1.2750070474998698
ACH-002994,6.594697827323873,5.513490745588118
ACH-000901,6.663059923747817,0.9560566524124028
ACH-000816,7.735386782895341,4.038260575175349
ACH-000641,7.958262697329544,3.196921733820329
ACH-000511,6.349436051713823,0.0285691521967709
ACH-002077,7.572586549385767,3.5197934862411
ACH-000583,8.432124272641563,0.4114262457264649
ACH-000836,6.093602428795734,0.1243281350022017
ACH-000975,5.944624223055033,1.903038270112912
ACH-000109,6.556889189726866,2.269033146455237
ACH-000467,6.2433644256936605,0.903038270112912
ACH-000712,7.253611151947168,1.84799690655495
ACH-000671,6.745640713941657,1.6690267655096307
ACH-000523,8.28951174039271,4.642701571833233
ACH-000864,8.932244284829686,3.7980505147675134
ACH-000726,6.6280444826168186,1.2265085298086795
ACH-000136,7.791618747239662,5.076388068512841
ACH-002067,6.69752363881355,0.2509615735332187
ACH-000440,8.161988425719757,0.1763227726404628
ACH-002539,5.266411766036114,2.3476656563009706
ACH-001461,6.511910748670928,0.6229303509201767
ACH-000890,6.778208576398088,0.6780719051126377
ACH-001692,5.101818134227409,1.4329594072761065
ACH-000027,6.212569338850806,3.114367024952
ACH-000562,6.559185865787734,1.3504972470841332
ACH-000748,7.00067610485072,2.333423733725192
ACH-001669,6.069530325162305,0.0
ACH-000834,5.914325330085303,0.137503523749935
ACH-000565,5.375387026828883,1.4750848829487828
ACH-000449,6.845615497232954,1.1375035237499351
ACH-000399,7.6552802645836255,4.23189316164533
ACH-002080,6.269220205780087,2.867896463992655
ACH-000770,7.325620272345049,4.1440463696167065
ACH-000710,6.409051438538562,0.4436066514756145
ACH-000507,6.021035479511363,0.0285691521967709
ACH-000066,6.620439787651722,2.176322772640463
ACH-000022,6.170325694415555,1.5210507369009632
ACH-001668,7.631613618660978,0.8639384504239714
ACH-000334,8.761983311411264,0.7739963251111731
ACH-000374,6.612647377658316,0.918386234446348
ACH-000519,7.038150810269382,4.991861930556323
ACH-000908,6.447744482112549,2.220329954879555
ACH-002003,6.43895814789755,4.17951105027151
ACH-000574,6.740252993961882,3.220329954879555
ACH-000148,5.260025655961456,0.933572638261024
ACH-002461,5.0192571186810815,2.130930869826449
ACH-000646,3.867896463992655,0.3561438102252753
ACH-000314,7.00078875819407,3.5777309314900805
ACH-001705,5.663344619366085,0.0565835283663675
ACH-000040,6.216842842837263,3.733354340613827
ACH-001057,7.246408087246385,5.619999829821357
ACH-000430,7.323099808663796,0.01435529297707
ACH-001041,6.73308313184512,6.914564523493939
ACH-001988,7.329930848970031,4.419538891513785
ACH-001977,6.585112773628004,2.3476656563009706
ACH-000370,7.35508676166836,2.6758159311722696
ACH-001630,4.977737849242815,1.933572638261024
ACH-000437,6.3339603508193045,2.485426827170241
ACH-000498,7.1326796536474895,4.333423733725192
ACH-001392,4.472487771462744,1.1699250014423124
ACH-000503,6.127014141582809,0.2509615735332187
ACH-002778,4.316145742293356,1.91456452349394
ACH-000328,6.928133407829852,2.189033824390017
ACH-000403,6.681168120416691,2.028569152196771
ACH-000400,6.39746072605472,0.01435529297707
ACH-000224,4.848998430400023,0.3448284969974411
ACH-000318,5.95814667376272,0.2016338611696504
ACH-003472,5.697940582617104,1.0285691521967708
ACH-001430,7.3139713710590195,3.2172307162206693
ACH-000928,5.980253845988264,3.3757345385831563
ACH-000893,6.903279342056139,2.855989697308481
ACH-000889,7.800188081051449,0.0565835283663675
ACH-000799,7.080551077327601,3.24031432933371
ACH-001623,5.592756010441026,3.365972427593384
ACH-000736,7.123811021465396,0.0565835283663675
ACH-000876,5.678071905112637,0.4646682670034443
ACH-001232,7.004051884507083,3.2942531364445142
ACH-001618,6.51774811422812,1.1043366598147355
ACH-001828,6.241458871274651,1.0071955014042038
ACH-002650,6.8903250848035,0.8155754288625725
ACH-000235,5.614120868789254,0.3561438102252753
ACH-000381,6.081723090644876,2.021479727410452
ACH-001993,7.072963271555224,1.2016338611696504
ACH-001301,7.134528999487963,4.121844297876376
ACH-000854,6.673556423990145,0.0
ACH-000187,7.835229332183391,3.097610796626422
ACH-000543,5.989593184938768,2.1210154009613658
ACH-000569,6.967514480800969,1.1043366598147355
ACH-000668,7.080231272019264,1.4956951626240689
ACH-000134,5.136683577697236,0.2265085298086797
ACH-000924,6.312156888313374,0.6507645591169022
ACH-003473,4.922673592849446,0.4436066514756145
ACH-001450,8.00444521142764,0.0426443374084937
ACH-000296,7.578183968090094,0.2265085298086797
ACH-002034,7.225448468610739,1.070389327891398
ACH-002781,6.384740587292384,2.560714954474479
ACH-000713,6.672708195622218,2.5058909297299574
ACH-001360,5.851499202461257,0.0840642647884745
ACH-002921,7.194658373583895,0.4222330006830478
ACH-000273,6.526851311573352,2.341985747228616
ACH-001715,6.834787049337339,1.480265122054463
ACH-001617,7.888012585402829,0.3103401206121505
ACH-000639,9.092228584386778,2.799087306074004
ACH-000590,6.236109889889632,2.1602748314085933
ACH-000553,6.643567621908798,2.130930869826449
ACH-000084,7.420802381631812,4.857980995127572
ACH-000094,4.957914598632986,0.1243281350022017
ACH-000361,6.650620971653147,1.2016338611696504
ACH-000719,4.834913429701039,0.3895668117627256
ACH-001396,5.905206468795705,0.918386234446348
ACH-001848,5.361768359419154,0.3103401206121505
ACH-000339,6.621612353024317,0.3895668117627256
ACH-002048,7.034963989749303,1.8836208162856716
ACH-000218,6.196134880765161,0.0426443374084937
ACH-002486,6.831623936820749,0.2750070474998697
ACH-002711,6.020591094773247,1.2203299548795556
ACH-000789,8.042589622511706,0.4222330006830478
ACH-000413,5.1969217338203295,0.3895668117627256
ACH-000125,5.384395238388068,0.8559896973084807
ACH-000180,5.708463165072116,1.722466024471091
ACH-000215,6.640100297890389,2.899175630480513
ACH-001001,6.529040056095075,1.4329594072761065
ACH-000407,7.086826217702072,3.625270489374693
ACH-002170,6.196725060786028,2.7441610955704103
ACH-002027,4.441616269406558,2.1473066987802936
ACH-001132,7.026136089841673,0.3334237337251918
ACH-001278,6.536830005048058,2.6182386555954547
ACH-000032,9.466810626226591,5.13709360897494
ACH-003108,7.135042286233651,1.6040713236688608
ACH-001419,5.4809113460477485,0.7907720378619999
ACH-000494,6.9225546714430495,2.726831217032493
ACH-000865,6.648896806475254,1.292781749227846
ACH-000439,7.228914866959426,4.297191416565856
ACH-001523,6.131136719158451,0.1505596765753814
ACH-001983,7.635319079720757,5.234961094839504
ACH-000024,7.87909307886454,2.543495883425772
ACH-000674,5.708187236020708,0.9107326619029126
ACH-000670,7.250108888867582,3.326249700837456
ACH-000599,6.069959890459774,1.8155754288625725
ACH-000263,6.560256398013272,3.364572432295856
ACH-003191,4.767125077269071,3.559491813205038
ACH-000303,6.918266959092563,1.0772429989324606
ACH-001551,6.610286657081023,3.759155833800272
ACH-002795,7.404375226927721,1.2750070474998698
ACH-000793,6.873198002818278,0.0840642647884745
ACH-002511,6.704041954821288,3.060047383669939
ACH-000286,5.632559052117953,0.3103401206121505
ACH-000250,6.583609339726952,2.4802651220544627
ACH-000139,5.963705306579481,1.1890338243900171
ACH-001735,6.955824240806441,1.7398481026993275
ACH-002013,5.988457472811402,3.354734239970604
ACH-001389,6.556735947914529,0.3895668117627256
ACH-001183,6.714382910651407,0.9708536543404837
ACH-000551,6.908812907739547,2.992768430768924
ACH-003101,6.444269502413482,0.0
ACH-001163,5.340206179911712,1.7398481026993275
ACH-000037,6.745102846458163,2.4802651220544627
ACH-000744,5.8740592031411465,2.1009776477248208
ACH-000420,6.890689877685267,1.097610796626422
ACH-000336,6.205939832470884,1.4854268271702415
ACH-000486,6.73674015545321,0.2265085298086797
ACH-000679,7.043300754364182,0.6229303509201767
ACH-001557,7.029342448688062,0.0840642647884745
ACH-000247,6.3275077345872095,1.7398481026993275
ACH-000947,8.030722305174535,3.372952097911829
ACH-000807,6.955824240806441,0.3334237337251918
ACH-000476,6.421559944901823,0.0
ACH-000525,8.184230695965027,4.276496665640356
ACH-003154,7.026357446963839,0.0426443374084937
ACH-001148,7.069852511125804,0.5160151470036647
ACH-003455,6.854868383260237,3.91456452349394
ACH-000853,7.4589397069290975,0.3103401206121505
ACH-000083,5.444269502413482,0.2387868595871165
ACH-000479,6.912649864897204,1.6690267655096307
ACH-000230,3.819668183496456,0.2016338611696504
ACH-001664,6.2925977202664525,2.1342209397606338
ACH-002705,5.305605789585429,1.3785116232537298
ACH-002937,4.817111572795697,1.1826922975161902
ACH-000955,7.703280692939533,2.39231742277876
ACH-000049,6.769903944980664,0.9560566524124028
ACH-000675,7.345094717826901,2.090853430451113
ACH-000199,4.772941337831336,0.3219280948873623
ACH-000193,7.411171988999552,0.6599245584023783
ACH-001686,7.865609561793126,1.0840642647884746
ACH-000538,6.946613905412761,1.411426245726465
ACH-002490,7.281698250098829,3.704871964456353
ACH-001683,6.943921326553485,0.4541758931858022
ACH-001990,6.338602690352632,3.679198570566922
ACH-001438,7.133501877815012,1.4905701304462011
ACH-001647,6.133193598664106,1.8237493603082728
ACH-002043,4.870857864363762,0.0
ACH-001649,5.248307120087241,0.4222330006830478
ACH-000155,6.083213368248981,1.9297909977185972
ACH-000270,4.454833906898869,0.3561438102252753
ACH-003106,7.731862061064745,0.1763227726404628
ACH-003177,4.710393192170516,4.019701914442548
ACH-000683,6.7935057716697,1.632268215499513
ACH-002017,6.332349900373874,2.711494906650088
ACH-000655,7.090959258071986,0.918386234446348
ACH-000145,5.394719912994065,0.4436066514756145
ACH-001495,6.518849828707692,1.1763227726404628
ACH-000188,5.687900522480746,1.8439838440483265
ACH-003458,6.510170751151772,3.6507645591169022
ACH-000080,7.525599107922306,0.933572638261024
ACH-000146,8.352661433594262,2.833902076669163
ACH-000415,4.526694845541976,0.7398481026993275
ACH-001518,5.886062338345599,0.5160151470036647
ACH-002290,6.759688488427289,3.996388746447621
ACH-000891,7.2238086586060195,2.5897634869849773
ACH-001625,5.513490745588118,0.0
ACH-001985,5.464341532761104,2.3950627995175777
ACH-000895,5.422233000683048,2.150559676575381
ACH-000851,6.477029653013065,1.3895668117627256
ACH-000824,6.878112237463021,0.0426443374084937
ACH-000506,8.292735744188192,5.490570130446201
ACH-001427,8.538266546375704,2.967168607532628
ACH-000540,5.460087240116833,1.144046369616707
ACH-000061,7.98703657423801,0.0285691521967709
ACH-000185,5.090853430451113,1.8196681834964556
ACH-000568,5.805034439854537,0.5260688116675876
ACH-000707,8.542258049766918,0.01435529297707
ACH-000603,6.359134582065828,0.1634987322828795
ACH-000983,7.748729566500743,3.948600847493356
ACH-000541,8.29939120612683,1.7990873060740036
ACH-000680,5.2509615735332185,1.3276873641760472
ACH-002460,5.870611313044545,2.38404980679516
ACH-000111,7.141800611652467,4.207111961207714
ACH-002463,4.860962797858116,0.0
ACH-000369,7.239359850277466,1.38404980679516
ACH-002928,6.2861418728343015,3.2448870591235344
ACH-000618,6.562547724199122,0.0840642647884745
ACH-000470,6.215290305651234,0.3103401206121505
ACH-003150,6.302867360972875,0.3785116232537298
ACH-002039,5.322288723570877,0.0976107966264223
ACH-000118,6.473786911614368,0.6780719051126377
ACH-000614,5.867896463992655,5.032541697270039
ACH-001338,7.362294538395585,4.234961094839504
ACH-000432,8.368200865897748,0.0565835283663675
ACH-000556,6.556582689823251,0.632268215499513
ACH-001804,4.964398632203184,3.816599706534912
ACH-001386,7.757756679010825,2.344828496997441
ACH-001060,8.417599388288023,2.7676547982373463
ACH-001525,5.4212232992251375,0.5753123306874368
ACH-001539,6.990614562001527,1.0496307677246008
ACH-000014,6.546431488805665,1.5260688116675876
ACH-002785,5.944389962270092,0.9927684307689242
ACH-000637,6.322469004113554,0.4541758931858022
ACH-002693,5.980253845988264,3.229587922740652
ACH-001855,4.316145742293356,0.3334237337251918
ACH-000455,6.51096191927738,1.7782085763980875
ACH-000389,6.951984033953466,2.538538163629804
ACH-002710,6.246598103057115,1.807354922057604
ACH-000129,7.962433343570804,3.077242998932461
ACH-000490,6.297374860528325,0.5160151470036647
ACH-000434,5.344473459456363,2.7070829917717063
ACH-001086,6.830229967240669,0.8155754288625725
ACH-002042,5.553360503335328,0.0
ACH-000597,6.8912976609191325,2.204766750654613
ACH-000756,7.272676435638154,4.189824558880018
ACH-000396,6.656496370553495,0.1634987322828795
ACH-003148,6.603329616264272,3.6403895600549454
ACH-000089,7.209648311246554,2.5058909297299574
ACH-002478,7.2635039567056,0.0
ACH-000371,8.651410525912999,0.01435529297707
ACH-000265,6.723558561472103,2.0461417816447205
ACH-000132,5.311067102255596,1.4905701304462011
ACH-000216,6.398487190018967,2.353323291162897
ACH-000613,6.806968434121849,1.2265085298086795
ACH-000855,6.022145842870176,0.01435529297707
ACH-000906,6.739983079079731,0.0285691521967709
ACH-000348,6.188044796421695,2.032100843167024
ACH-001100,5.2543672814408335,2.144046369616707
ACH-000238,5.769507291436245,1.3161457422933562
ACH-000237,5.595145567990858,1.3103401206121503
ACH-003099,6.038918989292302,0.5260688116675876
ACH-000393,6.7791283692509765,0.1243281350022017
ACH-003107,5.687340687378304,2.400537929583729
ACH-000623,6.526694845541976,2.18269229751619
ACH-000359,7.162089162028208,1.3785116232537298
ACH-001028,4.725741156503952,1.0772429989324606
ACH-000621,7.027684876937159,2.978195629681652
ACH-001641,7.77406223620792,0.3561438102252753
ACH-000056,8.782146423554636,0.2387868595871165
ACH-000483,6.835292504380046,0.6959938131099002
ACH-003308,6.294069295088306,1.922197848396367
ACH-000514,8.649830985051544,3.1538053360790355
ACH-000051,6.836302883509772,2.927896453728821
ACH-003433,5.079378111118652,0.4956951626240687
ACH-000043,4.547203024756931,0.0
ACH-000936,6.273515889702116,2.811471030529836
ACH-000716,7.296273846706719,4.011674533380918
ACH-000988,6.695854657571728,2.269033146455237
ACH-000952,7.944858445807539,3.070389327891398
ACH-001350,4.960697039304312,0.5260688116675876
ACH-000065,7.350585644807325,3.819668183496456
ACH-000609,6.975217457043024,2.220329954879555
ACH-001411,6.264724074238009,0.3334237337251918
ACH-000504,6.960349527550039,3.3074285251922477
ACH-002677,7.928962440835979,0.0285691521967709
ACH-000956,8.150407356980573,1.992768430768924
ACH-001712,4.971313624068879,0.01435529297707
ACH-000652,7.010779838753242,1.769771739249448
ACH-000414,6.3159646698060286,3.377123749129487
ACH-000472,5.297925052503806,0.0565835283663675
ACH-000007,6.914564523493939,0.4750848829487829
ACH-000446,7.166815851761945,3.5310694927259543
ACH-003071,7.128561489027507,5.300489844363109
ACH-000386,7.801546703356778,4.7489978500981485
ACH-001850,5.559491813205038,0.0
ACH-000755,7.948951200441422,1.1505596765753812
ACH-001503,8.4951354981605,0.0976107966264223
ACH-000028,6.859596903238742,0.6959938131099002
ACH-000665,6.388706169226381,1.6690267655096307
ACH-001679,8.18710459141914,2.0806576633452254
ACH-000078,7.089371028076838,4.77082904603249
ACH-002046,6.177319866495129,1.9411063109464315
ACH-000397,6.118941072723508,1.5008020530571575
ACH-003145,6.185073637876762,1.839959587489532
ACH-000229,4.494415610397496,0.137503523749935
ACH-002925,6.141596278383818,3.471187460386985
ACH-000518,6.640678764233701,0.3448284969974411
ACH-001566,6.874305165982231,4.20006486151431
ACH-000252,5.9371089462026045,1.0496307677246008
ACH-000572,6.963474123974886,5.1586601753464985
ACH-001605,6.545041683467464,2.702657543390911
ACH-002522,6.107060110203349,0.3785116232537298
ACH-000277,6.549207089355683,0.1505596765753814
ACH-001239,7.058965822002304,5.249824548616183
ACH-000786,8.204815648112325,2.028569152196771
ACH-000803,7.934457528215913,3.454175893185802
ACH-001970,6.828961552317316,5.578334948681608
ACH-002038,6.547203024756931,0.7570232465074596
ACH-000537,6.055933128607411,0.3561438102252753
ACH-002660,5.041330606820623,0.918386234446348
ACH-002806,5.700162250106601,2.604071323668861
ACH-000419,7.719867928344366,2.82781902461732
ACH-002782,5.958610712055847,0.01435529297707
ACH-000724,6.862699340976598,2.700439718141092
ACH-000522,6.274261661257048,2.1473066987802936
ACH-001549,7.605923925614487,3.4329594072761065
ACH-000706,6.10936055940423,2.169925001442312
ACH-000737,8.225111013000083,4.080657663345225
ACH-000548,5.372603915204483,0.6135316529179271
ACH-001839,6.957798547067071,1.9107326619029128
ACH-001799,5.461397589926158,4.273515889702116
ACH-001573,6.196134880765161,0.8639384504239714
ACH-002946,7.327238248261425,3.604071323668861
ACH-000425,6.392660880711793,4.661065479806948
ACH-003103,7.288727679514566,1.2141248053528475
ACH-000375,6.8151911371734935,0.8559896973084807
ACH-000753,7.630157894768849,2.859969548221026
ACH-000275,4.792334805706692,0.0976107966264223
ACH-000735,6.362119166725657,0.5655971758542251
ACH-000654,8.374778679764887,0.0285691521967709
ACH-001067,6.559491813205038,1.5558161550616396
ACH-000170,5.621465834460144,0.3673710656485294
ACH-001394,5.913846824263042,0.4854268271702416
ACH-001433,5.7481928495894605,1.613531652917927
ACH-000404,7.4672794804599825,4.581351247168778
ACH-000882,7.571449285453563,4.4276061727819
ACH-001509,3.654206377944292,0.3448284969974411
ACH-000210,7.210427830401485,4.0798047546352585
ACH-000254,5.350497247084133,0.4222330006830478
ACH-000604,6.447744482112549,2.5459683691052923
ACH-000090,6.828453873930486,2.333423733725192
ACH-000195,7.45409362036545,2.575312330687437
ACH-001791,5.03738222200308,0.6135316529179271
ACH-001650,7.023698917266407,0.2868811477881615
ACH-000605,6.762083003567673,0.6040713236688608
ACH-000458,5.099295204337775,0.1634987322828795
ACH-003121,6.953730849811491,0.8318772411916731
ACH-003125,5.415826257472914,3.6005076453457856
ACH-002084,6.5657494793688445,5.140778655782796
ACH-000004,7.608735332224887,4.428946344769483
ACH-000251,5.882887553224962,1.2203299548795556
ACH-000241,6.621319301014191,2.27500704749987
ACH-001194,7.008540671702954,1.5801454844233804
ACH-001987,6.5654448562594165,0.4956951626240687
ACH-002055,7.549592167441751,1.070389327891398
ACH-002689,6.7489978500981485,4.482848283068465
ACH-001443,5.355439197248685,2.269033146455237
ACH-000688,6.666330536349624,2.3701642805402097
ACH-000405,7.70175696303795,2.232660756790275
ACH-000821,7.5453506448223,0.0426443374084937
ACH-001677,8.245077275359671,2.62760683812965
ACH-002526,5.506208389306745,2.0143552929770703
ACH-001627,5.573192723781613,0.2016338611696504
ACH-000951,7.344828496997441,0.7136958148433591
ACH-001036,7.6545644289825105,2.776103988073164
ACH-002792,7.775577360930653,4.747387399652718
ACH-000547,6.180307019969433,1.2570106182060237
ACH-000826,6.486553492624526,0.2265085298086797
ACH-001986,6.883132015657282,4.826294245499634
ACH-001147,5.768978250344548,3.782408564927373
ACH-002927,7.099926350556032,3.241840183564671
ACH-002470,6.915879378835773,3.073820233291672
ACH-000162,9.146517763680896,0.1110313123887439
ACH-003139,7.440287820840419,1.5260688116675876
ACH-001751,7.045377439883325,3.1127001327493624
ACH-000018,6.7998644108818525,0.1110313123887439
ACH-000721,6.6801836815924895,1.752748591407134
ACH-000003,6.163096138436012,0.4005379295837288
ACH-000092,6.504620392403552,1.584962500721156
ACH-000669,6.731047439337348,1.859969548221026
ACH-001099,6.95303237725324,1.3276873641760472
ACH-000648,7.302775990439205,2.5185351389821804
ACH-000950,6.814934885833408,2.4802651220544627
ACH-000050,6.781097381486317,1.875780063068488
ACH-001106,8.88749480810915,2.7311832415722
ACH-002051,7.108524456778169,3.411426245726465
ACH-000367,5.90977310414164,1.769771739249448
ACH-000589,5.940166750482817,0.2387868595871165
ACH-000564,7.189132689905964,2.5160151470036647
ACH-001522,5.652486494918165,5.15704371014558
ACH-000831,7.412019337221309,1.2141248053528475
ACH-000424,7.496494306853714,1.769771739249448
ACH-000409,6.961739072604138,1.0565835283663676
ACH-000616,6.26322224452176,4.049630767724601
ACH-000628,6.873936205993632,1.4329594072761065
ACH-000512,7.712664557175329,3.1160319934471103
ACH-000232,6.953148812832245,1.4005379295837286
ACH-000820,6.2106226443969055,0.918386234446348
ACH-001295,8.204082012174375,3.983677694698067
ACH-001164,6.163096138436012,2.6205864104518777
ACH-000806,6.757423346821803,5.087462841250339
ACH-002524,5.273888823668492,0.3561438102252753
ACH-000645,5.477677327565307,1.3103401206121503
ACH-000099,7.471837762422287,4.178714641175443
ACH-000902,8.568526197944477,3.713695814843359
ACH-000649,6.830610274357907,0.8639384504239714
ACH-000086,4.4809113460477485,1.752748591407134
ACH-000149,7.218103050243552,4.684818737553223
ACH-002538,4.343407822297814,0.9927684307689242
ACH-000142,6.525285887113241,0.5945485495503542
ACH-002535,5.589463892956097,1.6276068381296498
ACH-000227,7.991918603509835,4.544114402209474
ACH-000697,7.628336171869913,0.01435529297707
ACH-000942,6.3826672527450405,3.0806576633452254
ACH-000264,6.079378111118652,1.2141248053528475
ACH-000809,6.027905996569885,0.0565835283663675
ACH-000093,4.46401472450489,0.7824085649273732
ACH-000100,8.615519292783494,3.840966704487421
ACH-001445,3.137503523749935,0.0840642647884745
ACH-000060,6.67369774691144,1.0496307677246008
ACH-000001,7.132165525478088,2.792855352362489
ACH-000957,6.518849828707692,2.786596361890807
ACH-000650,7.78646567707339,5.3746917520969255
ACH-001096,8.341007256859092,2.543495883425772
ACH-002799,7.059074014663564,1.7907720378619998
ACH-002404,5.995032192477536,1.5210507369009632
ACH-000239,6.72451385311995,1.6182386555954549
ACH-000762,6.227086416874644,0.3448284969974411
ACH-000922,9.015442930282378,4.135042286233651
ACH-002784,6.456641898642161,3.763411574470007
ACH-002653,7.490730563589641,2.286881147788161
ACH-000859,6.989366114026064,0.963474123974886
ACH-000990,5.977737849242815,3.001802242633985
ACH-000410,7.603329616264272,1.5410191531335593
ACH-001971,6.604812649948411,5.20124177119825
ACH-000927,7.876823870306374,2.4356285940520905
ACH-001853,6.011898120369493,2.625270489374693
ACH-001978,5.980253845988264,4.662205499653616
ACH-000694,6.812626573275545,0.3219280948873623
ACH-000935,6.491692787974502,4.331275267146615
ACH-000918,6.991521846075695,2.204766750654613
ACH-001984,6.206135253404591,5.060912049587874
ACH-000761,6.928133407829852,1.0285691521967708
ACH-001563,6.150965783556497,0.3785116232537298
ACH-000974,6.127633279725874,2.4195388915137843
ACH-000297,8.07183773621965,4.625270489374693
ACH-001719,6.502075956045791,0.6415460290875237
ACH-000243,7.100662339005199,1.1375035237499351
ACH-001418,6.57243496598233,0.918386234446348
ACH-000362,6.540554292475151,2.956056652412403
ACH-000843,6.938521045865967,0.4436066514756145
ACH-002052,6.846367945984827,2.2078928516413328
ACH-000840,7.412866188056196,1.7949356628035362
ACH-001852,5.617944917420585,0.1890338243900171
ACH-001528,6.91898246334308,3.263034405833794
ACH-001656,6.857607836085731,4.988230223060457
ACH-000016,5.9804823555382605,0.9927684307689242
ACH-000165,5.493134922305505,0.0565835283663675
ACH-001460,5.453846773749929,1.0285691521967708
ACH-000592,6.573950083786874,4.207111961207714
ACH-001192,7.990444382698365,4.630521963471638
ACH-000045,6.2890967024199895,3.5496691707264905
ACH-000741,5.759422185696328,1.8196681834964556
ACH-000912,7.336015535951501,1.1176950426697545
ACH-000529,5.369466483650723,0.4329594072761062
ACH-000508,8.650405563658587,4.177120502846516
ACH-000577,5.776893568522074,1.6276068381296498
ACH-000768,6.535586436354843,1.5058909297299574
ACH-000636,7.668246796186341,3.6926503700355298
ACH-000667,6.261530815243406,1.263034405833794
ACH-000905,6.767522386228545,3.261530815243406
ACH-001494,4.919340082442012,1.7004397181410922
ACH-000387,7.736604875314248,3.3074285251922477
ACH-002510,6.166715444966423,4.743622676067655
ACH-001303,7.283366212949919,4.572889668420581
ACH-000026,7.00943675560809,3.05484847699562
ACH-000838,6.500164679492167,2.7420062108667365
ACH-001172,7.031439309319335,1.6276068381296498
ACH-000822,6.637059538410849,3.0107798387532423
ACH-000531,4.542258049766918,0.0840642647884745
ACH-000349,6.47800105583793,0.4646682670034443
ACH-000527,5.788685710613533,2.003602236680196
ACH-000279,8.451087446957397,4.33199177823206
ACH-000516,6.526381862561924,2.400537929583729
ACH-001662,4.3125199674749455,0.2509615735332187
ACH-000812,6.734167661150761,5.167117030227439
ACH-003157,5.5087455542444745,0.0
ACH-003464,6.227278994468321,1.01435529297707
ACH-001300,7.0304464394374415,4.472487771462744
ACH-000524,6.838069346085931,1.709290635723358
ACH-000611,8.15370401966754,1.0214797274104517
ACH-002419,4.408032466130653,0.9486008474933558
ACH-000411,7.232277010268292,1.0840642647884746
ACH-000718,6.689019541377949,1.4222330006830477
ACH-000903,6.486392594275964,1.0772429989324606
ACH-002021,6.278914019499939,2.1602748314085933
ACH-000433,6.318316841334983,0.2141248053528473
ACH-000499,7.366409647659429,3.017921907997262
ACH-000278,6.612942196304665,1.922197848396367
ACH-000202,7.475003793943287,3.289834465177509
ACH-001736,7.003827078111476,2.925999418556223
ACH-001379,5.152183419055046,0.7739963251111731
ACH-002070,5.421896512042248,1.956056652412403
ACH-002794,5.131342539123261,0.8155754288625725
ACH-000128,6.321386982782167,1.565597175854225
ACH-002528,6.223422549934937,2.7506065048355923
ACH-000696,7.280028356610609,1.9708536543404835
ACH-000041,8.156032498888866,4.448240225216066
ACH-000214,5.903520373723376,0.4541758931858022
ACH-000747,7.394205430358875,0.5753123306874368
ACH-001307,6.52387555132852,0.5945485495503542
ACH-000341,7.975847968006785,4.315421315945778
ACH-001740,8.59749392944769,4.543495883425772
ACH-000417,5.988457472811402,1.7570232465074596
ACH-001393,5.934044647112246,0.3673710656485294
ACH-000120,7.782670658677007,1.9107326619029128
ACH-001694,5.195347598322219,1.1890338243900171
ACH-001542,5.2935176304174245,0.0285691521967709
ACH-002509,7.656925339794245,5.43028527297778
ACH-000438,7.241744864940151,1.5897634869849773
ACH-001366,7.40079406718598,5.010779838753242
ACH-000653,7.526538362539394,0.5558161550616396
ACH-000839,6.446587085306882,0.6415460290875237
ACH-000673,6.394376944957055,2.035623909730721
ACH-001524,5.733354340613827,0.3561438102252753
ACH-000069,8.269874722482472,0.7570232465074596
ACH-002996,6.459431618637297,0.2868811477881615
ACH-003142,6.925287386770335,0.2868811477881615
ACH-000323,6.220910321648719,3.145677455195635
ACH-000021,5.310703657225108,1.280956313831056
ACH-001863,6.054631448782967,3.1358631653686797
ACH-001996,4.912649864897204,3.119356177039676
ACH-000980,7.766462652425766,3.944858445807539
ACH-000106,7.408626954161801,0.2630344058337938
ACH-003156,6.616181231331876,0.2509615735332187
ACH-000734,6.916357211096791,0.918386234446348
ACH-000845,5.801417365865913,0.6507645591169022
ACH-001982,6.445594291341182,5.571373435973201
ACH-000730,6.982879523147479,5.281698250098829
ACH-001334,6.008988783227255,1.2203299548795556
ACH-000698,7.44385525626802,2.6530600171045644
ACH-000802,6.329482431025636,0.070389327891398
ACH-001836,5.461070114033051,0.3785116232537298
ACH-000573,7.324000479838566,3.418189947945766
ACH-001699,5.273888823668492,0.0426443374084937
ACH-000963,7.376602951924786,1.7990873060740036
ACH-001567,6.654206377944292,4.001802242633985
ACH-001653,4.256255873202732,0.925999418556223
ACH-000852,6.624539603781834,0.0976107966264223
ACH-001862,5.758356482939917,0.3561438102252753
ACH-001976,6.951517858962451,3.643856189774725
ACH-002665,6.197904697025821,0.1505596765753814
ACH-003153,6.290387539763883,0.01435529297707
ACH-000661,7.3973751544161,4.967168607532628
ACH-001500,6.859845343921445,0.4329594072761062
ACH-001190,7.293425665793273,4.733896605247495
ACH-002467,5.568640195419223,0.0
ACH-000364,6.994466584973962,3.507160349117523
ACH-000448,6.125568451778029,0.0426443374084937
ACH-000979,5.356848079236522,1.0071955014042038
ACH-000932,6.991181681408527,2.266036893995317
ACH-000783,7.050175160410917,1.3334237337251915
ACH-002044,7.418442970957883,3.065227622775619
ACH-000301,6.711907832772514,3.676944359106912
ACH-002459,5.927185357826367,2.9049657186840263
ACH-000976,6.559950612713083,0.1890338243900171
ACH-001516,7.324720612150712,5.5496691707264905
ACH-001354,7.309430878103395,4.645586385913608
ACH-001645,5.737416365937063,5.1965283609369415
ACH-003135,7.018033222764563,1.4168397419128291
ACH-000867,6.850999394716474,1.807354922057604
ACH-000304,7.144352338662615,3.2387868595871163
ACH-002069,6.712320640741631,3.720278465233327
ACH-000931,7.839896619327643,6.728736843366021
ACH-001374,7.428108883179305,2.0874628412503395
ACH-000302,5.805550425210856,0.6040713236688608
ACH-000305,5.419875930422195,0.3334237337251918
ACH-000072,7.155526627345099,4.06177619758669
ACH-000766,6.107060110203349,0.2986583155645151
ACH-000533,6.557808298936688,1.967168607532628
ACH-000343,7.270061672727762,3.463360885816658
ACH-001437,7.198886990956932,0.2986583155645151
ACH-000171,6.461233861271283,1.6825732973475784
ACH-003475,4.68873986801449,0.3561438102252753
ACH-000173,6.157852169141737,3.558267634055736
ACH-000535,6.142413437873741,0.137503523749935
ACH-000774,5.822475232308043,1.1953475983222193
ACH-000178,6.210232990095849,0.7824085649273732
ACH-001306,6.51774811422812,2.6915341649192004
ACH-000994,7.606442228131607,3.626439136697315
ACH-001188,7.321837923629426,4.5453506448223
ACH-000372,7.349612971824522,2.582556003014061
ACH-002886,6.088311235888661,1.839959587489532
ACH-000804,8.204620048336965,5.025028794491522
ACH-000011,6.148527425160464,1.713695814843359
ACH-000733,6.878234879112339,2.485426827170241
ACH-001603,6.568792178041528,3.581351247168777
ACH-000829,7.715138338275464,0.0
ACH-000141,6.743084055549586,0.0976107966264223
ACH-000810,7.606812330245151,4.360364276543471
ACH-001994,5.570766496527611,1.01435529297707
ACH-001145,7.715138338275464,2.752748591407134
ACH-000717,6.596487956856693,0.5459683691052926
ACH-000738,7.14588121129242,2.4195388915137843
ACH-001843,5.98071082890019,3.9763636357327616
ACH-002664,5.7051485282530185,1.3161457422933562
ACH-000780,7.641835001555368,4.463360885816658
ACH-001548,7.883987308105473,3.428946344769483
ACH-000759,6.891783703218311,1.5753123306874368
ACH-001555,5.078097423026661,0.8718436485093178
ACH-001369,4.979568100095187,0.3103401206121505
ACH-000969,5.311793717753649,0.9927684307689242
ACH-000873,7.09032417587205,1.6915341649192002
ACH-001275,6.496334513417112,4.446917864866026
ACH-002654,6.819795895180768,1.3391373849195856
ACH-002435,5.745506265869159,1.839959587489532
ACH-001972,7.411256746220791,4.191404728852764
ACH-000921,7.1815001517046095,0.3103401206121505
ACH-003470,5.349436051713823,0.933572638261024
ACH-001953,6.912649864897204,4.940166750482817
ACH-002843,4.447579196548882,0.5849625007211562
ACH-001373,6.612352498752662,2.286881147788161
ACH-002800,5.5496691707264905,4.885574364371426
ACH-001022,7.60459029205937,3.4449320489421824
ACH-000082,6.986752226514344,3.451540833017832
ACH-003105,5.95303237725324,1.3334237337251915
ACH-000488,6.382148453204219,0.0840642647884745
ACH-000790,7.801482036060732,4.523561956057013
ACH-000172,7.218974857123272,2.488000770834068
ACH-000647,7.035073997377622,0.0285691521967709
ACH-000602,6.967283907835657,4.7824085649273735
ACH-003181,5.007644030878014,1.3045110418099528
ACH-002681,4.838951766951944,1.6507645591169022
ACH-001465,7.004164274569921,4.93451650158608
ACH-003012,6.114783447249852,1.9634741239748856
ACH-000156,8.524463358798545,1.2448870591235344
ACH-002001,6.482364292555381,4.71918344048179
ACH-000315,8.887708033029806,0.3785116232537298
ACH-001678,7.733015321685962,0.0
ACH-002446,5.536674617569758,1.6825732973475784
ACH-000201,6.5456595400254685,2.8619553641448694
ACH-000435,5.475409193401062,0.8237493603082727
ACH-000965,7.176322772640463,2.608809242675524
ACH-001550,6.660922913964558,0.9486008474933558
ACH-002026,5.611762560064872,2.761285273361619
ACH-000883,6.532005193790571,2.2387868595871168
ACH-000482,5.422569410860832,2.513490745588118
ACH-000450,7.346691011986317,5.080231272019264
ACH-002672,5.266786540694901,1.7990873060740036
ACH-000835,6.111657346263132,1.8991756304805127
ACH-002431,3.969012307516316,0.9107326619029126
ACH-001802,6.414642958410008,1.835924074254375
ACH-000629,7.091805599690972,0.7484612330040357
ACH-000715,6.2539892662307865,0.6040713236688608
ACH-000870,8.296273846706718,6.346425085585596
ACH-000910,8.136273429850583,0.3448284969974411
ACH-000779,5.765004246250036,0.4541758931858022
ACH-000140,7.8954238103829715,0.137503523749935
ACH-001196,7.090959258071986,4.4087118610294285
ACH-001484,6.529664802252241,0.0
ACH-000693,6.847120002495805,0.2141248053528473
ACH-000811,7.200359178955925,3.003602236680196
ACH-000423,7.366409647659429,5.628190334615213
ACH-000290,8.257152088947395,4.616475328782878
ACH-001847,6.345538310070007,1.3504972470841332
ACH-000492,7.919638030655808,2.263034405833794
ACH-001519,5.831623936820749,1.655351828612554
ACH-000110,6.342874708400922,1.15704371014558
ACH-001497,5.164705840182799,1.0285691521967708
ACH-000102,6.710668699674626,2.070389327891398
ACH-000817,8.442280035252585,0.9708536543404837
ACH-001556,6.8270568365001525,1.2141248053528475
ACH-000964,6.204179851857087,2.9818526532897405
ACH-000378,6.912290583351108,0.3895668117627256
ACH-000913,6.979682413715221,1.722466024471091
ACH-000575,7.066950243924628,1.6644828403646823
ACH-000634,6.485104761080973,2.521050736900963
ACH-002291,7.402926780581626,3.1176950426697547
ACH-001322,7.499208090856686,0.8399595874895318
ACH-002924,5.920293300211007,4.260025655961456
ACH-000767,7.222553427423428,2.266036893995317
ACH-001642,3.854993016757,1.8914191868460783
ACH-001552,7.438625538088378,1.9855004303048849
ACH-000451,7.143230134776893,1.599317793698226
ACH-000879,7.569703737701733,2.807354922057604
ACH-001842,5.143230134776893,2.2387868595871168
ACH-002662,5.346247774082776,1.1243281350022014
ACH-001032,7.672496060583352,3.0461417816447205
ACH-000982,7.188440488975161,1.933572638261024
ACH-001636,7.856923460393151,0.01435529297707
ACH-000189,5.857483428286672,1.4329594072761065
ACH-000454,7.234194722953812,1.0426443374084935
ACH-000131,6.122051447713891,0.3895668117627256
ACH-000660,8.343141289974325,0.0976107966264223
ACH-001197,7.924099885640741,2.056583528366368
ACH-000915,6.880930361076882,4.220329954879555
ACH-000480,7.427354751878962,1.565597175854225
ACH-000745,7.776103988073165,0.5360529002402097
ACH-000161,6.419370342528151,2.1953475983222197
ACH-000395,6.88276530647313,3.2387868595871163
ACH-001459,5.6108771994719495,0.1763227726404628
ACH-000916,6.243745234733984,1.7355221772965377
ACH-001609,5.588864518190148,2.7441610955704103
ACH-001960,6.447909748742077,0.6229303509201767
ACH-002648,4.439623137557117,1.803227036434928
ACH-001856,6.10244817792658,1.3561438102252754
ACH-003158,6.891176124754544,0.2750070474998697
ACH-002433,5.872336288104642,3.4276061727818994
ACH-000295,7.561249752864707,2.513490745588118
ACH-001485,6.531537419117717,0.0
ACH-003269,4.676944359106912,1.4489009511451276
ACH-000292,8.008652712633456,3.1060132376221192
ACH-000137,6.731997786643742,3.190614860209497
ACH-000308,6.614120868789254,1.4329594072761065
ACH-000445,6.653633311386255,2.521050736900963
ACH-001229,5.813524689297811,0.933572638261024
ACH-000144,7.019813091958952,0.8399595874895318
ACH-000837,6.974644026040249,0.0565835283663675
ACH-000048,7.350320435387008,3.500802053057157
ACH-000463,7.5502080786698,2.4436066514756147
ACH-000881,7.190911111630688,3.543495883425772
ACH-000388,7.641979466086695,0.5160151470036647
ACH-001992,6.338959175415203,1.2265085298086795
ACH-000147,6.9847032668251385,0.4854268271702416
ACH-000930,7.4313722379097555,3.017921907997262
ACH-000899,7.859659017420436,3.955126781261366
ACH-000366,7.524580891558665,5.263785613890803
ACH-001571,6.728464765092534,0.0840642647884745
ACH-001526,5.647314509547136,1.1243281350022014
ACH-000064,5.299024807384316,0.0976107966264223
ACH-001329,5.849999259466098,3.1538053360790355
ACH-001676,6.380244590478185,3.0461417816447205
ACH-000418,6.313064414946363,0.6690267655096305
ACH-001280,6.930737337562887,3.1342209397606338
ACH-002922,5.340206179911712,3.237257770900372
ACH-000861,6.556889189726866,1.803227036434928
ACH-000692,5.551208373946096,0.2750070474998697
ACH-003137,6.981053471115525,0.5459683691052926
ACH-000107,6.467931546026287,0.3785116232537298
ACH-000133,5.581652530461277,1.8559896973084808
ACH-000306,5.274261661257048,0.9560566524124028
ACH-001530,6.2382136412334175,2.2839217723076173
ACH-000651,7.329572125765376,0.070389327891398
ACH-000563,6.871597265613853,0.1890338243900171
ACH-000058,6.689718487683413,2.144046369616707
ACH-000345,7.480669045970333,4.2471680003747725
ACH-000316,6.4961747022797685,1.761285273361619
ACH-000884,5.636334602442182,2.6229303509201767
ACH-000289,6.3529703382459335,2.0143552929770703
ACH-001451,6.593204354063288,2.1667154449664223
ACH-003459,6.236492618381302,3.2016338611696504
ACH-002440,5.724650271732967,1.4005379295837286
ACH-000355,8.654993972963718,2.782408564927373
ACH-002926,6.124534928529523,3.763411574470007
ACH-000962,7.174526265266431,2.456806149230474
ACH-000473,6.763544364293921,1.2387868595871168
ACH-000192,7.22776032601814,3.6667565918848033
ACH-001624,6.335747634299735,2.448900951145128
ACH-001989,7.689369056858228,4.921245888585589
ACH-001807,4.962086249850644,3.23112515787905
ACH-002532,4.416839741912829,0.0426443374084937
ACH-002466,5.24260250592898,0.0
ACH-001344,5.641546029087524,0.0285691521967709
ACH-001684,7.037931255400462,1.3276873641760472
ACH-000757,5.949301468328278,2.797012977836145
ACH-000054,6.944624223055033,3.158660175346498
ACH-001318,6.997631134706948,1.655351828612554
ACH-000601,6.95093492831454,1.8519988371124465
ACH-000635,6.66746640495737,2.811471030529836
ACH-001857,6.376255649313362,0.4854268271702416
ACH-000966,7.606442228131607,1.5058909297299574
ACH-000630,6.0961353249095005,0.7824085649273732
ACH-000225,8.342341397431548,0.6870606883398922
ACH-002047,5.333781500631152,0.7136958148433591
ACH-000657,7.758556362180206,0.1890338243900171
ACH-000624,5.876271360550127,0.3219280948873623
ACH-000699,7.488964817004848,3.1538053360790355
ACH-000923,7.6481058749371025,0.01435529297707
ACH-000687,8.429281193335658,0.903038270112912
ACH-000044,6.27854238244459,1.8953026213333068
ACH-000740,6.444766440833076,1.835924074254375
ACH-000447,6.320123598040615,0.7311832415722002
ACH-000101,6.168321115739722,2.0461417816447205
ACH-001416,6.115407855414063,0.4436066514756145
ACH-000319,7.127839600075298,1.1309308698264486
ACH-000198,6.903640874457703,5.3125199674749455
ACH-000280,6.641401521145209,0.8718436485093178
ACH-003265,5.640100297890389,2.37851162325373
ACH-000104,8.599354991420022,3.0303360783709588
ACH-001835,5.548744859937229,0.1110313123887439
ACH-000892,6.141391916170729,2.1538053360790355
ACH-000493,6.76633013095037,1.1826922975161902
ACH-000042,5.899900663601169,0.5260688116675876
ACH-002045,7.016808287686554,0.5260688116675876
ACH-000221,7.441865217388118,2.1667154449664223
ACH-000477,7.345005983008724,4.992315251861196
ACH-000746,6.390254956321868,3.680324356844016
ACH-000356,6.2818836745629225,1.0356239097307212
ACH-000457,5.724650271732967,1.8519988371124465
ACH-000904,8.988173405029183,4.4269356196483365
ACH-002060,8.607367305455895,3.4356285940520905
ACH-003159,6.940401697969842,3.19377174339668
ACH-001813,4.034743949324734,0.0426443374084937
ACH-000244,6.015024705273152,1.9818526532897407
ACH-000610,8.080391183534923,4.03738222200308
ACH-000081,7.174326515173915,2.5897634869849773
ACH-003161,6.706530552538117,0.6507645591169022
ACH-000255,6.602439063741618,0.137503523749935
ACH-001038,7.90743150483471,3.61706334388818
ACH-000352,6.799216852613927,1.0214797274104517
ACH-002016,6.046141781644721,1.3448284969974411
ACH-000416,5.770036138597918,1.232660756790275
ACH-000752,7.501837184902297,2.3476656563009706
ACH-000862,5.611172380044005,2.350497247084133
ACH-000236,6.711907832772514,1.3219280948873624
ACH-000401,7.257953494548904,4.886062338345599
ACH-000731,6.2951719919885285,1.3561438102252754
ACH-000875,6.637928981009013,2.0
ACH-000626,7.201829866202339,1.871843648509318
ACH-000593,7.110926946993473,0.7484612330040357
ACH-000182,5.48155728070859,2.003602236680196
ACH-000442,6.661065479806948,0.0840642647884745
ACH-000159,6.718498627709217,1.8875252707415875
ACH-000907,5.254745197629213,1.9297909977185972
ACH-000191,5.670443812122809,2.4620523187964327
ACH-000205,4.844988156682612,0.4114262457264649
ACH-000103,5.482848283068465,3.125981653854716
ACH-000739,6.140574177709902,2.956056652412403
ACH-001558,5.984589350362456,1.2387868595871168
ACH-000206,6.916596067892185,0.5753123306874368
ACH-000841,6.907491593343054,1.7004397181410922
ACH-000615,6.767787198094355,5.424586226251101
ACH-001613,7.205451164295332,2.229587922740652
ACH-001608,6.549207089355683,2.321928094887362
ACH-000801,6.7540857821979134,4.715344295358907
ACH-000539,5.87921563716567,0.0976107966264223
ACH-000464,5.546277132090075,2.400537929583729
ACH-000622,7.414135532984451,0.1634987322828795
ACH-000452,6.671151813825633,1.6825732973475784
ACH-001390,6.94673086014031,0.6690267655096305
ACH-001401,6.477029653013065,1.82781902461732
ACH-000365,8.481234349528531,1.144046369616707
ACH-001431,6.868390453054454,2.678071905112638
ACH-000475,5.991408466764788,0.137503523749935
ACH-000860,6.487357715311548,1.7570232465074596
ACH-000074,7.77623561482759,4.071247819461443
ACH-000377,6.892512459779128,1.1699250014423124
ACH-001562,6.381283372503783,1.3785116232537298
ACH-001693,6.130724991118873,0.6870606883398922
ACH-003134,5.975905273523699,0.0565835283663675
ACH-000259,8.345360889539638,4.20945336562895
ACH-001697,5.8894735425311096,1.0356239097307212
ACH-002801,6.1836850003977775,1.9597701552114672
ACH-001388,2.229587922740652,0.01435529297707
ACH-001410,7.3463364325582,2.37851162325373
ACH-002025,5.98436149044871,0.6415460290875237
ACH-002688,5.078951341394822,4.319039815562536
ACH-000720,6.44857062600553,2.451540833017832
ACH-000095,7.802968651005583,0.7048719644563528
ACH-001345,6.495855026887171,1.1243281350022014
ACH-000558,7.226123143125237,3.070389327891398
ACH-000664,7.296457407371244,3.472487771462744
ACH-000177,8.331275267146616,3.2448870591235344
ACH-001423,5.324090516037983,0.2986583155645151
ACH-000335,7.212277502086204,0.070389327891398
ACH-000940,7.623881490013458,2.797012977836145
ACH-003160,6.979682413715221,3.125981653854716
ACH-000631,6.581652530461277,2.097610796626422
ACH-000207,6.246218046405579,0.0426443374084937
ACH-000764,6.312156888313374,0.1243281350022017
ACH-000995,6.601547961155605,4.00539998774259
ACH-000373,7.227567812668389,2.715893370547605
ACH-000953,7.79200936864301,1.4646682670034443
ACH-000709,6.066950243924628,1.2141248053528475
ACH-003463,7.007980336495346,3.311793717753649
ACH-000846,6.674545393845865,0.1243281350022017
ACH-001702,6.440620047679168,2.2265085298086795
ACH-000333,5.115615931428109,3.1651079851445365
ACH-001708,7.861645260530218,1.8155754288625725
ACH-002059,8.038809274471086,3.8328900141647417
ACH-000929,6.609843591599456,3.1842802944193824
ACH-001395,5.704595347632403,0.137503523749935
ACH-000948,6.242411963098236,0.4222330006830478
ACH-002015,5.608513578151302,2.0107798387532423
ACH-000981,7.363784337507177,4.896271848807375
ACH-000617,5.805808348701467,1.803227036434928
ACH-000311,4.384740587292384,2.176322772640463
ACH-001210,7.02047997719774,2.693765712217783
ACH-001834,6.226315849335487,0.01435529297707
ACH-002010,6.635464198167884,3.740927560318628
ACH-003143,6.608809242675524,1.3895668117627256
ACH-000390,6.678916986679839,0.1505596765753814
ACH-000468,6.571676809970931,3.176322772640463
ACH-002651,6.308885057411763,2.1538053360790355
ACH-001061,6.660922913964558,2.0840642647884744
ACH-000077,7.8892910037770365,0.1890338243900171
ACH-000456,5.072963271555224,3.400537929583729
ACH-002703,6.2720231890610485,1.4382928515791469
ACH-000496,7.483654573281644,3.1795110502715103
ACH-002512,6.36614733152048,5.258518924711301
ACH-000062,6.655781138254433,2.4776773275653072
ACH-002464,5.562547724199122,0.0
ACH-000088,4.805808348701467,1.1375035237499351
ACH-000536,6.745775149485796,0.1505596765753814
ACH-000071,5.554588851677638,1.560714954474479
ACH-002004,5.941810579957678,5.581049900945041
ACH-000878,6.625854931368057,3.2555007331483865
ACH-001380,6.520107901637548,0.4956951626240687
ACH-002061,6.737010677681807,2.056583528366368
ACH-000385,6.814165858607901,2.0840642647884744
ACH-000412,5.358255586705128,1.1309308698264486
ACH-003474,4.178714641175443,0.3448284969974411
ACH-000427,6.636044526028037,2.422233000683048
ACH-000938,8.05642095591347,0.0840642647884745
ACH-000462,8.32692378391273,1.1309308698264486
ACH-000939,7.595145567990858,2.879705766282288
ACH-000325,6.637059538410849,1.9745293124838816
ACH-000515,8.6796208433757,4.870857864363762
ACH-001033,6.69265037003553,2.6016965164809576
ACH-000919,6.426767932655541,2.0942360698457656
ACH-000863,5.839707698350369,2.954196310386876
ACH-000642,5.519164449806069,0.7311832415722002
ACH-000581,6.968090752045256,0.632268215499513
ACH-001435,6.018812185742817,2.6158870739160567
ACH-001050,6.531069492725954,2.553360503335328
ACH-001818,4.471187460386985,2.6158870739160567
ACH-001384,5.04745114041639,0.0
ACH-000797,5.809928865721431,0.0976107966264223
ACH-000220,8.043081981895662,2.2016338611696504
ACH-001533,7.151676195817078,0.0
ACH-001508,6.594249947657352,2.341985747228616
ACH-000827,6.870734593970994,2.5084286525318573
ACH-003119,6.721235930571739,2.2839217723076173
ACH-000961,6.604664415163704,2.771885578515366
ACH-000778,7.132474024365372,0.01435529297707
ACH-000825,6.912530114323083,3.3476656563009706
ACH-000743,7.353587949195416,5.555202633878297
ACH-000190,6.54457811733884,1.7907720378619998
ACH-001819,6.350674037114486,0.7398481026993275
ACH-000157,7.348728154231077,2.1538053360790355
ACH-001786,4.718635616271338,2.819668183496455
ACH-000253,6.613531652917927,0.5260688116675876
ACH-001376,5.124328135002202,0.722466024471091
ACH-000958,6.53403046657407,3.3405622690264134
ACH-000228,6.404630684217612,0.0426443374084937
ACH-000266,5.684818737553223,0.925999418556223
ACH-001750,6.569096095262135,2.513490745588118
ACH-000174,6.780966197577076,0.7824085649273732
ACH-000245,8.879705766282289,0.070389327891398
ACH-001279,6.311612098185097,0.5459683691052926
ACH-000620,6.5906618959652645,3.710393192170516
ACH-000813,6.678635347822744,1.2078928516413328
ACH-001513,5.920769673020648,0.0
ACH-000168,6.802839440935111,2.144046369616707
ACH-000257,8.04499511709299,3.593353770980297
ACH-000211,7.298200069827763,3.538538163629804
ACH-000283,7.104755986962257,2.1858665453113337
ACH-002401,5.575614877619633,0.632268215499513
ACH-002041,5.829595899177507,0.7907720378619999
ACH-000987,7.988173405029184,4.573495715495609
ACH-003465,6.139142019145689,4.647314509547136
ACH-000682,5.60821785302146,1.4005379295837286
ACH-000073,7.617136828927844,1.5008020530571575
ACH-000212,6.802063937400461,0.0426443374084937
ACH-000096,7.496813840640377,2.104336659814736
ACH-002500,8.155577222482346,0.070389327891398
ACH-001440,7.20955084173053,0.918386234446348
ACH-000063,4.918863237274595,0.2016338611696504
ACH-002942,4.578334948681608,3.363171077119244
ACH-001999,4.1945598860226125,0.3673710656485294
ACH-000776,6.382840144475236,0.7311832415722002
ACH-000521,6.562395082285962,1.144046369616707
ACH-000299,7.23112515787905,5.324810603420484
ACH-000025,7.15815522450277,0.0426443374084937
ACH-000591,6.943804143834752,2.8875252707415875
ACH-001716,7.02845864742548,2.4828482830684653
ACH-000833,8.382840144475237,3.1554254317471973
ACH-001628,6.306699707272787,1.7484612330040354
ACH-000398,8.640425713747911,0.2141248053528473
ACH-000274,7.234865320614295,3.5310694927259543
ACH-001370,5.065227622775619,1.3448284969974411
ACH-001700,4.983221650742669,1.4329594072761065
ACH-000029,5.846242565109514,0.2986583155645151
ACH-001849,4.416839741912829,0.7048719644563528
ACH-000644,6.599912842187128,3.989139007368233
ACH-001422,4.507794640198696,0.0976107966264223
ACH-000588,6.43895814789755,1.6825732973475784
ACH-000849,6.607626220845488,2.2927817492278457
ACH-002690,5.739578112048051,3.455491620628468
ACH-000219,7.539391485093035,3.895302621333306
ACH-000150,6.390598905552461,2.4594316186372973
ACH-001845,6.559185865787734,1.803227036434928
ACH-002643,9.11631796649804,1.144046369616707
ACH-000384,6.640244936222346,0.5360529002402097
ACH-001053,5.979568100095187,2.9873208659292536
ACH-001274,6.390770849422623,0.8559896973084807
ACH-000091,5.346247774082776,0.5753123306874368
ACH-002932,6.074034394212556,1.3950627995175775
ACH-002014,5.452858964713811,2.4356285940520905
ACH-001634,6.550900664647523,0.0
ACH-002531,5.3125199674749455,1.84799690655495
ACH-000495,6.451870478864323,1.811471030529836
ACH-000911,6.9797967182782,1.978195629681652
ACH-000013,6.860962797858116,3.1811025507537978
ACH-002667,6.260590274730996,0.1763227726404628
ACH-000777,6.104126950527225,0.0285691521967709
ACH-001765,7.559185865787734,2.5185351389821804
ACH-000312,8.069208067231427,5.024585638278273
ACH-000085,6.577126661307052,0.5260688116675876
ACH-000436,6.604812649948411,1.9373443921502325
ACH-000869,6.687480666521759,2.408711861029429
ACH-003061,7.688390200051632,3.2927817492278457
ACH-003471,4.464668267003445,1.632268215499513
ACH-000267,7.566282415087521,0.6507645591169022
ACH-000489,4.813011548605618,0.3895668117627256
ACH-000431,8.5978290978269,5.558573776240628
ACH-000152,6.441948190503361,0.2986583155645151
ACH-000909,8.082202276351051,3.968090752045256
ACH-000534,8.439082856808971,1.1890338243900171
ACH-001489,7.962375500416178,4.475733430966398
ACH-000582,6.994692854585606,3.602884408718418
ACH-000460,6.296090262683962,0.903038270112912
ACH-000443,5.816087658600206,2.114367024952
ACH-001570,6.866413481123453,4.491853096329675
ACH-000986,6.461724991502711,1.803227036434928
ACH-001335,5.97315203787724,1.0426443374084935
ACH-000023,7.385344749024536,2.733354340613827
ACH-002062,6.731454807698346,1.280956313831056
ACH-002462,5.899175630480513,0.0
ACH-000151,9.212082911441064,1.3895668117627256
ACH-001277,7.044394119358453,4.530445354692906
ACH-000607,7.107792469281132,0.0426443374084937
ACH-002647,5.939226577728209,0.1110313123887439
ACH-000703,8.950264266757275,4.700994494168267
ACH-001211,8.08725066461331,2.405992359675837
ACH-003152,5.5915597458278015,0.6780719051126377
ACH-001511,5.128458384146928,0.4750848829487829
ACH-000113,7.574479999326676,3.485426827170241
ACH-000337,6.295539370406834,2.8318772411916733
ACH-000598,7.588564737401351,0.0285691521967709
ACH-000057,7.5741772142810415,3.524815928357506
ACH-000281,6.004501392234941,0.4956951626240687
ACH-000321,7.964687419569461,4.726831217032493
ACH-000985,6.8370602037586,0.0565835283663675
ACH-000444,7.697176093573043,0.0426443374084937
ACH-000347,6.9400492623895165,3.1358631653686797
ACH-001399,6.242983516109694,1.2387868595871168
ACH-001097,6.727239777484807,0.0
ACH-000127,6.429615964201735,0.3895668117627256
ACH-001961,6.1622906135458,1.1176950426697545
ACH-001796,6.6526298968407405,2.6415460290875235
ACH-000307,6.361592923772207,0.0426443374084937
ACH-001030,7.919220885925161,2.526068811667588
ACH-002485,8.084436374272519,0.4646682670034443
ACH-000595,7.527398809088053,3.6507645591169022
ACH-001540,4.238022517825721,0.2141248053528473
ACH-000298,7.564683016963639,3.440952198029637
ACH-000771,3.102658131363739,0.2016338611696504
ACH-000500,7.3603642765434705,1.9411063109464315
ACH-000353,6.864928972289788,0.4956951626240687
ACH-000363,7.290295375389055,2.957914598632985
ACH-000350,7.1646052864249,2.792855352362489
ACH-000053,6.904243227203662,4.60821785302146
ACH-001543,5.600210274420093,0.0
ACH-000663,5.735251375786425,0.0285691521967709
ACH-000346,7.042972583219524,1.2265085298086795
ACH-000970,6.644865723007923,2.38404980679516
ACH-002543,6.258141995893771,1.1176950426697545
ACH-001333,7.2259304111710545,2.39231742277876
ACH-000794,3.972692654004264,0.0565835283663675
ACH-000039,7.81551138735592,3.863938450423972
ACH-000471,6.813909425077029,1.459431618637297
ACH-000850,4.9954845188775066,0.0285691521967709
ACH-000291,6.03342300153745,1.8991756304805127
ACH-001453,5.350850805483376,1.1699250014423124
ACH-001458,5.3377110921282895,0.4854268271702416
ACH-000886,6.303415462685624,1.6507645591169022
ACH-000888,6.570462931026041,1.6825732973475784
ACH-000659,7.627679788097602,3.609991295212679
ACH-000030,6.621172752683435,0.1763227726404628
ACH-001201,6.934752370963028,3.3074285251922477
ACH-000271,8.496014873437762,2.4646682670034443
ACH-002676,6.429448588478955,5.39334755137725
ACH-000549,5.097610796626422,0.2265085298086797
ACH-000555,6.086189313104476,1.5459683691052926
ACH-000478,6.490890978894291,0.0565835283663675
ACH-000775,6.931683057059805,2.1473066987802936
ACH-002214,7.237926946626263,0.0
ACH-000038,7.13000418418862,1.0565835283663676
ACH-001109,6.576673292516575,0.6040713236688608
ACH-001442,5.464668267003445,0.01435529297707
ACH-000559,7.8004469649139505,3.469885976274464
ACH-000510,6.22670118455169,0.7136958148433591
ACH-002065,6.065443062937431,1.4436066514756145
ACH-000676,6.482525640767917,4.390254956321868
ACH-002659,5.155830171556525,1.1826922975161902
ACH-000844,7.245552706255682,1.2078928516413328
ACH-002403,6.872951851130105,3.3798981635246923
ACH-002787,5.976592762238586,1.0285691521967708
ACH-002497,6.216066783087033,3.5360529002402097
ACH-002798,3.582556003014061,0.1243281350022017
ACH-000925,7.537684337147519,3.130930869826449
ACH-002465,5.485104761080973,0.0
ACH-000272,6.371384613557957,1.0071955014042038
ACH-001035,7.265568166923749,3.060047383669939
ACH-003457,5.977508904540138,2.759155833800272
ACH-000513,6.540089281982523,2.277984747299765
ACH-001059,7.253138369691294,3.3798981635246923
ACH-000959,6.15238625842844,1.6507645591169022
ACH-002283,6.259272487037594,3.5285713188707577
ACH-000169,7.453105980387882,4.29130885982897
ACH-001402,7.676168659723668,2.090853430451113
ACH-000796,6.059182199211692,0.01435529297707
ACH-000143,7.0798047546352585,2.350497247084133
ACH-000067,6.596487956856693,2.6229303509201767
ACH-000640,6.843732656611305,2.62760683812965
ACH-001591,7.849686574959165,3.940166750482817
ACH-001674,7.649615459063409,4.595145567990858
ACH-001698,3.795974694206668,0.5360529002402097
ACH-002002,6.308703071282113,2.920293300211007
ACH-002011,7.082894152617435,3.745237332129749
ACH-003268,6.628481994383899,4.852498298789891
ACH-000967,6.806066226089032,2.807354922057604
ACH-000469,6.729280846027402,0.6690267655096305
ACH-001353,4.67072705449947,1.1309308698264486
ACH-001574,6.075318692553354,1.6040713236688608
ACH-000097,6.342519189660609,1.372952097911829
ACH-000256,6.32876467228402,2.411426245726465
ACH-000977,7.454916137514804,2.189033824390017
ACH-000972,6.661493092824223,2.003602236680196
ACH-001367,7.652916657931108,4.851499202461257
ACH-000382,7.629575193679132,4.854993016757
ACH-003476,3.586164245930909,0.9927684307689242
ACH-000579,7.081083928687635,4.861459166361513
ACH-002035,6.9590746011405145,3.8698714061777126
ACH-001532,5.896998342338911,1.4329594072761065
ACH-000695,8.177270028165704,4.573495715495609
ACH-001795,6.5654448562594165,1.835924074254375
ACH-001510,4.851998837112446,0.9855004303048848
ACH-000502,5.118525848935668,0.1763227726404628
ACH-000183,7.089053172156434,0.4436066514756145
ACH-000408,6.520265083643575,0.5849625007211562
ACH-001496,5.829342193902803,1.632268215499513
ACH-000788,7.838762722197575,4.677508242264722
ACH-002405,6.295723024539968,1.5558161550616396
ACH-002409,6.302501844112321,4.269033146455237
ACH-001622,5.839203788096944,0.2387868595871165
ACH-000466,5.577428828035749,1.0565835283663676
ACH-001560,5.932864335305521,0.6959938131099002
ACH-001019,8.280167588249991,3.523561956057013
ACH-003111,4.841469999465799,3.073820233291672
ACH-000005,8.156942620908886,5.07724299893246
ACH-001687,3.0531113364595623,0.0
ACH-001151,5.436628267292844,2.1076878693143737
ACH-000701,6.661920579135087,1.1826922975161902
ACH-000542,6.260778431893426,0.1505596765753814
ACH-000126,5.660209873352559,2.910732661902913
ACH-001685,6.7309116243181,0.137503523749935
ACH-000933,7.882215067866269,2.269033146455237
ACH-000068,7.658996894933712,1.2690331464552371
ACH-000015,7.215096120976213,1.0772429989324606
ACH-001111,7.306973057140827,0.6135316529179271
ACH-000487,6.784242222057781,4.361768359419154
ACH-000122,7.647314509547136,1.6182386555954549
ACH-000288,6.931919390100041,2.769771739249448
ACH-001820,7.530055131261113,3.9873208659292536
ACH-000782,8.316191006864413,1.967168607532628
ACH-001632,5.02945288578697,1.6182386555954549
ACH-002399,6.002702520379824,0.7739963251111731
ACH-000357,8.068187108633335,1.232660756790275
ACH-000079,4.462706750670158,0.4329594072761062
ACH-001031,7.134426320220926,2.250961573533219
ACH-001064,7.414896604211503,0.7907720378619999
ACH-002802,6.361592923772207,1.5945485495503542
ACH-001048,5.891176124754544,2.792855352362489
ACH-000453,6.098242680003582,0.0840642647884745
ACH-003155,6.731862061064745,0.2387868595871165
ACH-000791,5.674121632632394,2.1473066987802936
ACH-000567,8.474760499576783,0.1243281350022017
ACH-001391,6.489125428754626,0.01435529297707
ACH-001075,5.917193036924947,0.0976107966264223
ACH-000105,7.768779809908543,5.887525270741588
ACH-000557,7.006410239125478,3.1009776477248208
ACH-000175,4.9453267772646265,3.2094533656289497
ACH-001356,6.416501992867417,3.64961545906341
ACH-001844,5.551208373946096,1.6735564239901446
ACH-001346,5.526381862561924,0.2509615735332187
ACH-000885,6.102028179367315,0.5058909297299573
ACH-000900,6.848122135064285,1.2078928516413328
ACH-000666,7.055499365813739,2.6016965164809576
ACH-001428,7.789794447617771,2.752748591407134
ACH-000217,7.088099183997209,0.4436066514756145
ACH-000872,6.415826257472914,1.263034405833794
ACH-001974,6.839959587489532,4.958842675243241
ACH-002020,6.248496885959384,1.1699250014423124
ACH-001638,6.311430455749743,0.0
ACH-001228,7.434628227636725,1.38404980679516
ACH-000181,4.640967910449898,0.1110313123887439
ACH-000115,7.648681140873404,2.7246502717329677
ACH-000130,8.064149939121346,2.817623257511431
ACH-000121,6.514280095632917,1.3161457422933562
ACH-001711,7.436461703182413,3.0531113364595623
ACH-000934,7.353764360914991,2.400537929583729
ACH-000996,6.885452345084265,1.859969548221026
ACH-001529,6.683696454306515,0.6959938131099002
ACH-001743,7.624905092862624,2.625270489374693
ACH-000320,7.244601687736808,0.0976107966264223
ACH-000505,6.609548138999429,1.807354922057604
ACH-000781,6.801288016778913,1.298658315564515
ACH-000059,8.922435740233148,0.3448284969974411
ACH-000920,6.342341397431548,2.319039815562536
ACH-000294,7.213736095922801,1.3448284969974411
ACH-000422,7.070496667279185,0.3895668117627256
ACH-000200,6.41886457739032,3.382667252745041
ACH-000046,6.501120634275387,0.2986583155645151
ACH-000968,6.854868383260237,4.507794640198696
ACH-000830,8.538926099591938,4.346956889378885
ACH-000114,5.022367813028454,2.0426443374084937
ACH-000402,8.458078457643094,0.4646682670034443
ACH-001578,8.003152448666922,2.788685710613534
ACH-000036,5.60229058486114,1.2570106182060237
ACH-000973,7.074034394212556,0.0426443374084937
ACH-001128,7.389910925071665,0.0565835283663675
ACH-003437,5.134631671447647,1.967168607532628
ACH-000750,6.233044401265581,3.282439805006387
ACH-000285,8.921364917919503,0.070389327891398
ACH-002669,6.227664072554389,1.5753123306874368
ACH-001858,5.648753032989572,0.0285691521967709
ACH-001997,5.207502459258789,0.7398481026993275
ACH-000052,7.346868269025597,2.7676547982373463
